id,dl_inserted_at,resources_engine,resources_resource_crc,resources_resource_stock_crc,resources_resource_stock_status,resources_resource_stock_stock_level,resources_resource_stock_version_nbr,resources_resource_stock_stock_end_dt,resources_resource_stock_stock_start_dt,resources_resource_status,resources_resource_category_crc,resources_resource_category_status,resources_resource_category_category_id,resources_resource_category_category_name,resources_resource_category_category_defn_state,resources_resource_comments,resources_resource_favorite,resources_resource_edit_perm,resources_resource_comment_id,resources_resource_assign_perm,resources_resource_last_mod_dt,resources_resource_resource_id,resources_resource_instructions,resources_resource_last_mod_user,resources_resource_resource_name,resources_resource_schedule_perm,resources_resource_instruction_id,resources_resource_current_stock_level,resources_resource_category,resources_resource_stock
450,2025-10-08 17:37:37.878392,accl,00000021,00000025,est,1000.0,2.0,2100-01-01,2016-12-22,est,00000021,est,308.0,BUMC - LETS,1.0,,F,F,405721,C,2017-04-20T11:54:17-04:00,450,,OUR FA1,*No Resources Required*,F,405722,1000,,
248,2025-10-08 17:37:38.207981,accl,00000022,00000023,est,2.0,2.0,2100-01-01,2016-12-22,est,00000021,est,308.0,BUMC - LETS,1.0,,F,F,,C,2025-04-29T11:45:37-04:00,248,,bumcfa04@bu.edu,Audio Recorder - Zoom H6,F,,2,,
493,2025-10-08 17:37:38.534802,accl,00000024,00000022,est,1.0,2.0,2100-01-01,2016-12-22,est,00000021,est,308.0,BUMC - LETS,1.0,,F,F,522487,C,2023-03-23T18:32:33-04:00,493,,BUMC FA1,BUMC - 302 Editing Workstation,F,522488,1,,
494,2025-10-08 17:37:38.864749,accl,00000023,00000022,est,1.0,2.0,2100-01-01,2016-12-22,est,00000021,est,308.0,BUMC - LETS,1.0,,F,F,522491,C,2023-03-23T18:34:30-04:00,494,,BUMC FA1,BUMC - 302A Content Creation Workstation,F,522492,1,,
495,2025-10-08 17:37:39.192517,accl,00000026,00000023,est,1.0,2.0,2100-01-01,2016-12-22,est,00000021,est,308.0,BUMC - LETS,1.0,Sole use by Communications Office,F,F,522494,C,2023-03-23T18:35:35-04:00,495,,BUMC FA1,BUMC - 302A ReadyCam - Restricted Use,F,,1,,
496,2025-10-08 17:37:39.572966,accl,00000025,00000021,est,1.0,2.0,2100-01-01,2016-12-22,est,00000021,est,308.0,BUMC - LETS,1.0,,F,F,522496,C,2023-03-23T18:36:17-04:00,496,,BUMC FA1,BUMC - 302A Video Production Studio,F,522497,1,,
482,2025-10-08 17:37:39.968098,accl,00000021,00000021,est,5.0,2.0,2100-01-01,2016-12-22,est,00000021,est,307.0,BUMC - Facilities Mgt.,1.0,,F,F,437002,C,2017-06-28T16:02:21-04:00,482,,r25admin,BUMC - 5 Flags,F,437003,5,,
223,2025-10-08 17:37:40.306397,accl,00000021,00000021,est,2.0,2.0,2100-01-01,2016-12-22,est,00000021,est,307.0,BUMC - Facilities Mgt.,1.0,,F,F,391694,C,2017-03-09T14:05:06-05:00,223,,service25,BUMC - 6' (Lobby ) Rectangular Tables,F,391695,2,,
231,2025-10-08 17:37:40.639895,accl,00000022,00000023,est,4.0,2.0,2100-01-01,2016-12-22,est,00000021,est,307.0,BUMC - Facilities Mgt.,1.0,,F,F,391758,C,2017-06-27T11:30:13-04:00,231,,r25admin,BUMC - 6' Rect Tables (L/R/A building),F,391759,4,,
224,2025-10-08 17:37:40.986614,accl,00000022,00000023,est,20.0,2.0,2100-01-01,2016-12-22,est,,,,,,,F,F,391696,C,2019-04-22T16:05:17-04:00,224,,BUMC FA1,BUMC - 6' Rectangular Tables - Hiebert,F,391697,20,"[{'crc': '00000021', 'status': 'est', 'category_id': 319, 'category_name': 'Building - Hiebert', 'category_defn_state': 1}, {'crc': '00000021', 'status': 'est', 'category_id': 307, 'category_name': 'BUMC - Facilities Mgt.', 'category_defn_state': 1}]",
225,2025-10-08 17:37:41.322576,accl,00000022,,,,,,,est,,,,,,,F,F,,C,2022-05-16T16:13:52-04:00,225,,BUMC FA1,BUMC - 6' Talbot Green Rect Tables,F,,2,"[{'crc': '00000021', 'status': 'est', 'category_id': 321, 'category_name': 'Building - Talbot', 'category_defn_state': 1}, {'crc': '00000021', 'status': 'est', 'category_id': 307, 'category_name': 'BUMC - Facilities Mgt.', 'category_defn_state': 1}]","[{'crc': '00000021', 'status': 'est', 'stock_level': 2, 'version_nbr': 11, 'stock_end_dt': '2100-12-31', 'stock_start_dt': '2022-05-19'}, {'crc': '00000021', 'status': 'est', 'stock_level': 0, 'version_nbr': 9, 'stock_end_dt': '2100-12-31', 'stock_start_dt': '2022-05-19'}, {'crc': '00000021', 'status': 'est', 'stock_level': 6, 'version_nbr': 5, 'stock_end_dt': '2100-01-01', 'stock_start_dt': '2016-12-22'}]"
226,2025-10-08 17:37:41.647635,accl,00000022,00000023,est,15.0,2.0,2100-01-01,2016-12-22,est,,,,,,,F,F,391701,C,2019-04-22T16:05:53-04:00,226,,BUMC FA1,BUMC - 60 inch Round Tables - Hiebert,F,391702,15,"[{'crc': '00000021', 'status': 'est', 'category_id': 319, 'category_name': 'Building - Hiebert', 'category_defn_state': 1}, {'crc': '00000021', 'status': 'est', 'category_id': 307, 'category_name': 'BUMC - Facilities Mgt.', 'category_defn_state': 1}]",
316,2025-10-08 17:37:41.976241,accl,00000022,00000022,est,25.0,2.0,2100-01-01,2016-12-22,est,00000021,est,307.0,BUMC - Facilities Mgt.,1.0,,F,F,,C,2020-08-31T12:44:34-04:00,316,,BUMC FA2,BUMC - 72 inch Round Table Cloth,F,,25,,
227,2025-10-08 17:37:42.312103,accl,00000022,00000022,est,6.0,3.0,2100-01-01,2016-12-22,est,,,,,,,F,F,391703,C,2019-04-22T16:06:26-04:00,227,,BUMC FA1,BUMC - 72 inch Round Tables - 670 Albany,F,391704,6,"[{'crc': '00000021', 'status': 'est', 'category_id': 320, 'category_name': 'Building - 670 Albany', 'category_defn_state': 1}, {'crc': '00000021', 'status': 'est', 'category_id': 307, 'category_name': 'BUMC - Facilities Mgt.', 'category_defn_state': 1}]",
228,2025-10-08 17:37:42.643841,accl,00000022,00000023,est,25.0,2.0,2100-01-01,2016-12-22,est,,,,,,,F,F,391706,C,2019-04-22T16:06:52-04:00,228,,BUMC FA1,BUMC - 72 inch Round Tables - Hiebert,F,391707,25,"[{'crc': '00000021', 'status': 'est', 'category_id': 319, 'category_name': 'Building - Hiebert', 'category_defn_state': 1}, {'crc': '00000021', 'status': 'est', 'category_id': 307, 'category_name': 'BUMC - Facilities Mgt.', 'category_defn_state': 1}]",
229,2025-10-08 17:37:42.977261,accl,00000023,,,,,,,est,,,,,,,F,F,,C,2020-08-31T12:44:01-04:00,229,,BUMC FA2,BUMC - 72 inch Round Tables Talbot Green,F,,0,"[{'crc': '00000021', 'status': 'est', 'category_id': 321, 'category_name': 'Building - Talbot', 'category_defn_state': 1}, {'crc': '00000021', 'status': 'est', 'category_id': 307, 'category_name': 'BUMC - Facilities Mgt.', 'category_defn_state': 1}]","[{'crc': '00000021', 'status': 'est', 'stock_level': 0, 'version_nbr': 7, 'stock_end_dt': '2100-12-31', 'stock_start_dt': '2022-05-16'}, {'crc': '00000022', 'status': 'est', 'stock_level': 10, 'version_nbr': 6, 'stock_end_dt': '2100-01-01', 'stock_start_dt': '2016-12-22'}]"
338,2025-10-08 17:38:10.018194,accl,00000022,00000022,est,1.0,2.0,2100-01-01,2016-12-22,est,,,,,,,F,F,,C,2025-04-10T15:42:03-04:00,338,,bumcfa02@bu.edu,BUMC - Echo360 (Recording System)-Mobile,F,,1,,
230,2025-10-08 17:37:43.313196,accl,00000022,00000022,est,3.0,3.0,2100-01-01,2016-12-22,est,,,,,,,F,F,391743,C,2019-04-22T16:02:58-04:00,230,,BUMC FA1,BUMC - 8' Rect Tables - 670 Albany St.,F,391744,3,"[{'crc': '00000021', 'status': 'est', 'category_id': 320, 'category_name': 'Building - 670 Albany', 'category_defn_state': 1}, {'crc': '00000021', 'status': 'est', 'category_id': 307, 'category_name': 'BUMC - Facilities Mgt.', 'category_defn_state': 1}]",
232,2025-10-08 17:37:43.640576,accl,00000023,,,,,,,est,,,,,,,F,F,,C,2022-05-16T16:14:39-04:00,232,,BUMC FA1,BUMC - 8' Rect Tables - Talbot Green,F,,2,"[{'crc': '00000021', 'status': 'est', 'category_id': 321, 'category_name': 'Building - Talbot', 'category_defn_state': 1}, {'crc': '00000021', 'status': 'est', 'category_id': 307, 'category_name': 'BUMC - Facilities Mgt.', 'category_defn_state': 1}]","[{'crc': '00000021', 'status': 'est', 'stock_level': 2, 'version_nbr': 8, 'stock_end_dt': '2100-12-31', 'stock_start_dt': '2022-05-19'}, {'crc': '00000021', 'status': 'est', 'stock_level': 0, 'version_nbr': 7, 'stock_end_dt': '2100-12-31', 'stock_start_dt': '2022-05-16'}, {'crc': '00000022', 'status': 'est', 'stock_level': 8, 'version_nbr': 6, 'stock_end_dt': '2100-01-01', 'stock_start_dt': '2016-12-22'}]"
233,2025-10-08 17:37:43.971008,accl,00000022,00000022,est,18.0,3.0,2100-01-01,2016-12-22,est,,,,,,,F,F,391763,C,2019-04-22T16:08:25-04:00,233,,BUMC FA1,BUMC - 8' Rectangular Tables - Hiebert,F,391764,18,"[{'crc': '00000021', 'status': 'est', 'category_id': 319, 'category_name': 'Building - Hiebert', 'category_defn_state': 1}, {'crc': '00000021', 'status': 'est', 'category_id': 307, 'category_name': 'BUMC - Facilities Mgt.', 'category_defn_state': 1}]",
500,2025-10-08 17:37:44.294226,accl,00000023,,,,,,,est,,,,,,"Skinny Rectangular tables, 2' wide x 8' long",F,F,664529,C,2022-05-16T16:15:01-04:00,500,,BUMC FA1,BUMC - 8' Skinny Rect Tables - Talbot,F,,0,"[{'crc': '00000021', 'status': 'est', 'category_id': 321, 'category_name': 'Building - Talbot', 'category_defn_state': 1}, {'crc': '00000021', 'status': 'est', 'category_id': 307, 'category_name': 'BUMC - Facilities Mgt.', 'category_defn_state': 1}]","[{'crc': '00000021', 'status': 'est', 'stock_level': 0, 'version_nbr': 3, 'stock_end_dt': '2100-12-31', 'stock_start_dt': '2022-05-16'}, {'crc': '00000022', 'status': 'est', 'stock_level': 4, 'version_nbr': 2, 'stock_end_dt': '2100-01-01', 'stock_start_dt': '2018-08-01'}]"
239,2025-10-08 17:37:44.629334,accl,00000022,00000022,est,6.0,2.0,2100-01-01,2016-12-22,est,00000021,est,308.0,BUMC - LETS,1.0,,F,F,,C,2025-04-29T11:46:13-04:00,239,,bumcfa04@bu.edu,BUMC - Adapter - HDMI to VGA,F,,6,,
516,2025-10-08 17:37:44.984057,accl,00000022,00000021,est,2.0,2.0,2100-01-01,2020-02-25,est,00000021,est,308.0,BUMC - LETS,1.0,,F,F,,C,2025-04-29T11:46:39-04:00,516,,bumcfa04@bu.edu,BUMC - Adapter - Lightning to VGA,F,,2,,
241,2025-10-08 17:37:45.327614,accl,00000023,00000021,est,6.0,3.0,2100-01-01,2016-12-22,est,00000021,est,308.0,BUMC - LETS,1.0,,F,F,,C,2025-04-29T11:50:18-04:00,241,,bumcfa04@bu.edu,BUMC - Adapter - Mini Display to HDMI,F,,6,,
240,2025-10-08 17:37:45.657224,accl,00000022,00000022,est,18.0,2.0,2100-01-01,2016-12-22,est,00000021,est,308.0,BUMC - LETS,1.0,,F,F,,C,2025-04-29T11:49:41-04:00,240,,bumcfa04@bu.edu,BUMC - Adapter - Mini Display to VGA,F,,18,,
515,2025-10-08 17:37:45.983752,accl,00000023,00000021,est,10.0,3.0,2100-01-01,2020-02-25,est,00000021,est,308.0,BUMC - LETS,1.0,,F,F,,C,2025-04-29T11:47:17-04:00,515,,bumcfa04@bu.edu,BUMC - Adapter - USB-C to HDMI,F,,10,,
514,2025-10-08 17:37:46.315496,accl,00000022,00000021,est,6.0,2.0,2100-01-01,2020-02-25,est,00000021,est,308.0,BUMC - LETS,1.0,,F,F,,C,2025-04-29T11:48:29-04:00,514,,bumcfa04@bu.edu,BUMC - Adapter - USB-C to VGA,F,,6,,
527,2025-10-08 17:37:46.640561,accl,00000021,00000021,est,1.0,1.0,2100-01-01,2022-09-01,est,00000021,est,308.0,BUMC - LETS,1.0,,F,F,,C,2022-10-21T14:46:41-04:00,527,,BUMC FA2,BUMC - AKG DMS100 Wireless Handheld Mic,F,,1,,
451,2025-10-08 17:37:46.978790,accl,00000021,00000022,est,15.0,2.0,2100-01-01,2016-12-22,est,00000021,est,312.0,BUMC - Library,1.0,,F,F,424852,C,2017-05-30T17:50:39-04:00,451,,r25admin,BUMC - AML No Internet,F,424853,15,,
234,2025-10-08 17:37:47.308739,accl,00000021,00000024,est,15.0,2.0,2100-01-01,2016-12-22,est,00000021,est,312.0,BUMC - Library,1.0,,F,F,391765,C,2017-03-09T14:07:56-05:00,234,,service25,BUMC - AML Staff support,F,391766,15,,
244,2025-10-08 17:37:47.643634,accl,00000021,00000022,est,2.0,2.0,2100-01-01,2016-12-22,est,00000021,est,308.0,BUMC - LETS,1.0,,F,F,391785,C,2017-03-09T14:10:36-05:00,244,,service25,BUMC - Anchor Speaker (Large Powered),F,391786,2,,
245,2025-10-08 17:37:47.970364,accl,00000022,00000022,est,5.0,2.0,2100-01-01,2016-12-22,est,00000021,est,308.0,BUMC - LETS,1.0,,F,F,,C,2025-04-29T11:44:28-04:00,245,,bumcfa04@bu.edu,BUMC - Anchor Speaker (Small),F,,5,,
499,2025-10-08 17:37:48.302262,accl,00000021,00000021,est,8.0,2.0,2100-01-01,2016-12-22,est,00000021,est,308.0,BUMC - LETS,1.0,,F,F,653632,C,2018-08-16T16:47:45-04:00,499,,BUMC FA2,BUMC - Attendance Reader BB Transaction,F,653633,8,,
246,2025-10-08 17:37:48.645308,accl,00000021,00000021,est,50.0,2.0,2100-01-01,2016-12-22,est,00000021,est,308.0,BUMC - LETS,1.0,,F,F,391789,C,2017-03-09T14:11:10-05:00,246,,service25,BUMC - Audience Response System,F,391790,50,,
247,2025-10-08 17:37:48.979259,accl,00000021,00000022,est,15.0,2.0,2100-01-01,2016-12-22,est,00000021,est,308.0,BUMC - LETS,1.0,,F,F,391791,C,2017-03-09T14:11:24-05:00,247,,service25,BUMC - Audience Response System (SPH),F,391792,15,,
315,2025-10-08 17:37:49.318296,accl,00000022,00000021,est,1.0,2.0,2100-01-01,2016-12-22,est,00000021,est,308.0,BUMC - LETS,1.0,,F,F,,C,2025-04-29T11:55:43-04:00,315,,bumcfa04@bu.edu,BUMC - Audio Mixer 16 Channel,F,,1,,
249,2025-10-08 17:37:49.663814,accl,00000023,00000021,est,2.0,3.0,2100-01-01,2016-12-22,est,00000021,est,308.0,BUMC - LETS,1.0,,F,F,,C,2025-04-29T11:55:13-04:00,249,,bumcfa04@bu.edu,BUMC - Audio Mixer 4 Channel,F,,2,,
243,2025-10-08 17:37:49.990934,accl,00000022,00000022,est,1.0,2.0,2100-01-01,2016-12-22,est,00000021,est,308.0,BUMC - LETS,1.0,,F,F,,C,2025-04-29T11:53:58-04:00,243,,bumcfa04@bu.edu,BUMC - Audio Mixer 8 Channel,F,,1,,
250,2025-10-08 17:37:50.312379,accl,00000021,00000022,est,1.0,2.0,2100-01-01,2016-12-22,est,00000021,est,308.0,BUMC - LETS,1.0,,F,F,391797,C,2017-03-09T14:12:28-05:00,250,,service25,BUMC - Audio Recorder (Marantz) - CT,F,391798,1,,
235,2025-10-08 17:37:50.639095,accl,00000021,00000022,est,6.0,2.0,2100-01-01,2016-12-22,est,00000021,est,308.0,BUMC - LETS,1.0,,F,F,391767,C,2017-03-09T14:08:09-05:00,235,,service25,BUMC - AV Freelance Staff,F,391768,6,,
236,2025-10-08 17:37:50.977275,accl,00000021,00000022,est,6.0,2.0,2100-01-01,2016-12-22,est,00000021,est,308.0,BUMC - LETS,1.0,,F,F,391769,C,2017-03-09T14:08:27-05:00,236,,service25,BUMC - AV Freelancer Coverage,F,391770,6,,
488,2025-10-08 17:37:51.298247,accl,00000021,00000021,est,100.0,2.0,2100-01-01,2016-12-22,est,00000021,est,308.0,BUMC - LETS,1.0,,F,F,485586,C,2017-09-05T17:51:53-04:00,488,,BUMC FA1,BUMC - AV notes - See Comments,F,485587,100,,
452,2025-10-08 17:37:51.631661,accl,00000022,00000022,est,100.0,2.0,2100-01-01,2016-12-22,est,00000021,est,308.0,BUMC - LETS,1.0,,F,F,,C,2025-04-29T11:44:57-04:00,452,,bumcfa04@bu.edu,BUMC - AV Setup (Weekend),F,,100,,
237,2025-10-08 17:37:51.952190,accl,00000023,00000023,est,100.0,2.0,2100-01-01,2016-12-22,est,00000021,est,308.0,BUMC - LETS,1.0,,F,F,,C,2025-04-29T11:42:35-04:00,237,,bumcfa04@bu.edu,BUMC - AV Setup / Breakdown,F,,100,,
238,2025-10-08 17:37:52.286705,accl,00000021,00000023,est,6.0,2.0,2100-01-01,2016-12-22,est,00000021,est,308.0,BUMC - LETS,1.0,,F,F,391773,C,2017-03-09T14:09:02-05:00,238,,service25,BUMC - AV training,F,391774,6,,
251,2025-10-08 17:37:52.619988,accl,00000021,00000021,est,1.0,2.0,2100-01-01,2016-12-22,est,00000021,est,307.0,BUMC - Facilities Mgt.,1.0,,F,F,391799,C,2017-03-09T14:12:44-05:00,251,,service25,BUMC - Bake Sale (Lobby),F,391800,1,,
252,2025-10-08 17:37:52.947981,accl,00000021,00000022,est,1.0,2.0,2100-01-01,2016-12-22,est,,,,,,,F,F,391801,C,2017-03-09T14:12:57-05:00,252,,service25,BUMC - Bake Sale (Talbot Green),F,391802,1,"[{'crc': '00000021', 'status': 'est', 'category_id': 321, 'category_name': 'Building - Talbot', 'category_defn_state': 1}, {'crc': '00000021', 'status': 'est', 'category_id': 307, 'category_name': 'BUMC - Facilities Mgt.', 'category_defn_state': 1}]",
253,2025-10-08 17:37:53.281388,accl,00000021,00000021,est,1.0,2.0,2100-01-01,2016-12-22,est,00000021,est,307.0,BUMC - Facilities Mgt.,1.0,,F,F,391804,C,2017-03-09T14:13:10-05:00,253,,service25,BUMC - Bakst wheelchair access check,F,391805,1,,
254,2025-10-08 17:37:53.609246,accl,00000022,00000022,est,1.0,2.0,2100-01-01,2016-12-22,est,00000021,est,307.0,BUMC - Facilities Mgt.,1.0,,F,F,,C,2021-06-08T12:19:19-04:00,254,,BUMC FA2,BUMC - Banner-BU Seal-8' x 8',F,,1,,
255,2025-10-08 17:37:53.941356,accl,00000021,00000022,est,1.0,2.0,2100-01-01,2016-12-22,est,00000021,est,307.0,BUMC - Facilities Mgt.,1.0,,F,F,391808,C,2017-03-09T14:13:41-05:00,255,,service25,BUMC - Banner-BUSM Welcome Alumni,F,391809,1,,
256,2025-10-08 17:37:54.272259,accl,00000021,00000022,est,1.0,2.0,2100-01-01,2016-12-22,est,00000021,est,307.0,BUMC - Facilities Mgt.,1.0,,F,F,391810,C,2017-03-09T14:13:59-05:00,256,,service25,BUMC - Banner-BUSM Welcome Students,F,391811,1,,
257,2025-10-08 17:37:54.603957,accl,00000021,00000022,est,1.0,2.0,2100-01-01,2016-12-22,est,00000021,est,307.0,BUMC - Facilities Mgt.,1.0,,F,F,391813,C,2017-03-09T14:14:15-05:00,257,,service25,BUMC - Banner-GMS,F,391814,1,,
258,2025-10-08 17:37:54.930762,accl,00000021,00000022,est,1.0,2.0,2100-01-01,2016-12-22,est,00000021,est,307.0,BUMC - Facilities Mgt.,1.0,,F,F,391815,C,2017-03-09T14:14:31-05:00,258,,service25,BUMC - Banner-SDM,F,391816,1,,
259,2025-10-08 17:37:55.263185,accl,00000021,00000022,est,1.0,2.0,2100-01-01,2016-12-22,est,00000021,est,308.0,BUMC - LETS,1.0,,F,F,391817,C,2017-03-09T14:14:46-05:00,259,,service25,BUMC - Camcorder (Canon Vixia HD),F,391818,1,,
483,2025-10-08 17:37:55.594643,accl,00000021,00000021,est,1.0,2.0,2100-01-01,2016-12-22,est,00000021,est,307.0,BUMC - Facilities Mgt.,1.0,,F,F,437007,C,2017-06-28T16:35:53-04:00,483,,r25admin,BUMC - Carpet cleaning machine,F,437008,1,,
261,2025-10-08 17:37:55.915716,accl,00000022,00000023,est,2.0,2.0,2100-01-01,2016-12-22,est,00000021,est,307.0,BUMC - Facilities Mgt.,1.0,,F,F,391821,C,2019-03-15T12:10:09-04:00,261,,BUMC FAc,BUMC - Chair - Back to orig config,F,391822,2,,
262,2025-10-08 17:37:56.244821,accl,00000022,00000022,est,50.0,3.0,2100-01-01,2016-12-22,est,,,,,,,F,F,391823,C,2019-03-15T12:10:21-04:00,262,,BUMC FAc,BUMC - Chair - Folding (670 Albany),F,391824,50,"[{'crc': '00000021', 'status': 'est', 'category_id': 320, 'category_name': 'Building - 670 Albany', 'category_defn_state': 1}, {'crc': '00000021', 'status': 'est', 'category_id': 307, 'category_name': 'BUMC - Facilities Mgt.', 'category_defn_state': 1}]",
263,2025-10-08 17:37:56.590673,accl,00000022,00000022,est,260.0,5.0,2100-01-01,2016-12-22,est,,,,,,,F,F,391825,C,2019-03-15T12:09:57-04:00,263,,BUMC FAc,BUMC - Chair - Folding (Hiebert),F,391826,260,"[{'crc': '00000021', 'status': 'est', 'category_id': 319, 'category_name': 'Building - Hiebert', 'category_defn_state': 1}, {'crc': '00000021', 'status': 'est', 'category_id': 307, 'category_name': 'BUMC - Facilities Mgt.', 'category_defn_state': 1}]",
264,2025-10-08 17:37:56.911175,accl,00000022,00000023,est,10.0,2.0,2100-01-01,2016-12-22,est,00000021,est,307.0,BUMC - Facilities Mgt.,1.0,,F,F,391827,C,2019-03-15T12:10:30-04:00,264,,BUMC FAc,BUMC - Chair - Needed in room,F,391828,10,,
525,2025-10-08 17:37:57.254948,accl,00000021,00000021,est,300.0,1.0,2100-01-01,2022-07-20,est,00000021,est,307.0,BUMC - Facilities Mgt.,1.0,,F,F,,C,2022-07-28T16:15:46-04:00,525,,BUMC FA2,BUMC - Chair - Nesting,F,,300,,
265,2025-10-08 17:37:57.605215,accl,00000022,00000023,est,2.0,2.0,2100-01-01,2016-12-22,est,00000021,est,307.0,BUMC - Facilities Mgt.,1.0,,F,F,391829,C,2019-03-15T12:10:39-04:00,265,,BUMC FAc,BUMC - Chair - Remove from room,F,391830,2,,
266,2025-10-08 17:37:57.935648,accl,00000025,,,,,,,est,,,,,,"Quantity revised to 175 from 225 on 10/22. Per Jim Munroe per Paul Tierney, the count was confirmed to be back to 225 (""approximately 230"") on 11/21.",F,F,391831,C,2022-07-07T13:50:50-04:00,266,,BUMC FA2,BUMC - Chair - Tab (Hiebert),F,,0,"[{'crc': '00000021', 'status': 'est', 'category_id': 319, 'category_name': 'Building - Hiebert', 'category_defn_state': 1}, {'crc': '00000021', 'status': 'est', 'category_id': 307, 'category_name': 'BUMC - Facilities Mgt.', 'category_defn_state': 1}]","[{'crc': '00000021', 'status': 'est', 'stock_level': 225, 'version_nbr': 9, 'stock_end_dt': '2022-07-06', 'stock_start_dt': '2018-11-21'}, {'crc': '00000021', 'status': 'est', 'stock_level': 0, 'version_nbr': 8, 'stock_end_dt': '2100-12-31', 'stock_start_dt': '2022-07-07'}, {'crc': '00000023', 'status': 'est', 'stock_level': 175, 'version_nbr': 6, 'stock_end_dt': '2018-11-21', 'stock_start_dt': '2018-10-22'}, {'crc': '00000025', 'status': 'est', 'stock_level': 225, 'version_nbr': 4, 'stock_end_dt': '2018-10-21', 'stock_start_dt': '2016-12-22'}]"
447,2025-10-08 17:37:58.273570,accl,00000021,00000021,est,12.0,2.0,2100-01-01,2016-12-22,est,00000021,est,307.0,BUMC - Facilities Mgt.,1.0,,F,F,393582,C,2017-03-10T11:49:37-05:00,447,,service25,BUMC - Chalkboard Cleaning Custodian,F,393583,12,,
511,2025-10-08 17:37:58.589100,accl,00000022,00000022,est,2.0,2.0,2100-01-01,2016-12-22,est,00000021,est,308.0,BUMC - LETS,1.0,"Added 10/11/18 to replace ""BUMC â€“ Polycom Analog Phone System""",F,F,702739,C,2018-10-11T11:07:30-04:00,511,,BUMC FA2,BUMC - Cisco VOIP Conference Phone,F,702740,2,,
268,2025-10-08 17:37:58.906446,accl,00000021,00000022,est,12.0,2.0,2100-01-01,2016-12-22,est,00000021,est,308.0,BUMC - LETS,1.0,,F,F,391835,C,2017-03-09T14:17:12-05:00,268,,service25,BUMC - Classroom Capture Recording,F,391836,12,,
457,2025-10-08 17:37:59.240562,accl,00000021,00000023,est,10.0,2.0,2100-01-01,2016-12-22,est,00000021,est,308.0,BUMC - LETS,1.0,,F,F,436818,C,2017-06-28T09:48:52-04:00,457,,r25admin,BUMC - Classroom Capture Recording - L2,F,436819,10,,
421,2025-10-08 17:37:59.571041,accl,00000021,00000021,est,1.0,2.0,2100-01-01,2016-12-22,est,00000021,est,309.0,MED - CSSC,1.0,,F,F,392242,C,2017-03-09T14:59:41-05:00,421,,service25,BUMC - CSSC Catheter Model Male(CAT03a),F,392243,1,,
422,2025-10-08 17:37:59.903839,accl,00000021,00000021,est,1.0,2.0,2100-01-01,2016-12-22,est,00000021,est,309.0,MED - CSSC,1.0,,F,F,392244,C,2017-03-09T14:59:57-05:00,422,,service25,BUMC - CSSC Catheter ModelFemale(CAT03b),F,392245,1,,
423,2025-10-08 17:38:00.231910,accl,00000021,00000021,est,1.0,2.0,2100-01-01,2016-12-22,est,00000021,est,309.0,MED - CSSC,1.0,,F,F,392246,C,2017-03-09T15:00:12-05:00,423,,service25,BUMC - CSSC Female cath Sim.(CAT02),F,392247,1,,
424,2025-10-08 17:38:00.551127,accl,00000021,00000021,est,10.0,2.0,2100-01-01,2016-12-22,est,00000021,est,309.0,MED - CSSC,1.0,,F,F,392248,C,2017-03-09T15:00:28-05:00,424,,service25,BUMC - CSSC IV training arm(ARM10-20),F,392249,10,,
425,2025-10-08 17:38:00.867792,accl,00000021,00000021,est,20.0,2.0,2100-01-01,2016-12-22,est,00000021,est,309.0,MED - CSSC,1.0,,F,F,392250,C,2017-03-09T15:00:46-05:00,425,,service25,BUMC - CSSC LP simulator 1(LP01),F,392251,20,,
426,2025-10-08 17:38:01.195026,accl,00000021,00000021,est,20.0,2.0,2100-01-01,2016-12-22,est,00000021,est,309.0,MED - CSSC,1.0,,F,F,392252,C,2017-03-09T15:01:03-05:00,426,,service25,BUMC - CSSC LP simulator 2(LP02),F,392253,20,,
427,2025-10-08 17:38:01.510162,accl,00000021,00000021,est,1.0,2.0,2100-01-01,2016-12-22,est,00000021,est,309.0,MED - CSSC,1.0,,F,F,392254,C,2017-03-09T15:01:19-05:00,427,,service25,BUMC - CSSC Male CathSim(CAT01),F,392255,1,,
428,2025-10-08 17:38:01.822209,accl,00000021,00000021,est,10.0,2.0,2100-01-01,2016-12-22,est,00000021,est,309.0,MED - CSSC,1.0,,F,F,392256,C,2017-03-09T15:01:34-05:00,428,,service25,BUMC - CSSC Multi-venIV arm kit(ARM1-10),F,392257,10,,
429,2025-10-08 17:38:02.138470,accl,00000021,00000021,est,1.0,2.0,2100-01-01,2016-12-22,est,00000021,est,309.0,MED - CSSC,1.0,,F,F,392258,C,2017-03-09T15:01:49-05:00,429,,service25,BUMC - CSSC NG Tube &Trach Sim.(NG01),F,392259,1,,
431,2025-10-08 17:38:02.487668,accl,00000021,00000022,est,1.0,2.0,2100-01-01,2016-12-22,est,00000021,est,309.0,MED - CSSC,1.0,,F,F,392262,C,2017-03-09T15:02:21-05:00,431,,service25,BUMC - CSSC Pelvic trainer 1(PT01),F,392263,1,,
432,2025-10-08 17:38:03.073072,accl,00000021,00000021,est,1.0,2.0,2100-01-01,2016-12-22,est,00000021,est,309.0,MED - CSSC,1.0,,F,F,392264,C,2017-03-09T15:02:36-05:00,432,,service25,BUMC - CSSC Pelvic trainer 2(PT02),F,392265,1,,
433,2025-10-08 17:38:03.393460,accl,00000021,00000021,est,1.0,2.0,2100-01-01,2016-12-22,est,00000021,est,309.0,MED - CSSC,1.0,,F,F,392266,C,2017-03-09T15:02:50-05:00,433,,service25,BUMC - CSSC Pelvic trainer 3(PT03),F,392267,1,,
434,2025-10-08 17:38:03.720617,accl,00000021,00000021,est,1.0,2.0,2100-01-01,2016-12-22,est,00000021,est,309.0,MED - CSSC,1.0,,F,F,392268,C,2017-03-09T15:03:04-05:00,434,,service25,BUMC - CSSC Pelvic trainer 4(PT04),F,392269,1,,
435,2025-10-08 17:38:04.058995,accl,00000021,00000021,est,1.0,2.0,2100-01-01,2016-12-22,est,00000021,est,309.0,MED - CSSC,1.0,,F,F,392270,C,2017-03-09T15:03:22-05:00,435,,service25,BUMC - CSSC Rectal Exam Sim Mk2(REC02),F,392271,1,,
436,2025-10-08 17:38:04.388391,accl,00000021,00000021,est,1.0,2.0,2100-01-01,2016-12-22,est,00000021,est,309.0,MED - CSSC,1.0,,F,F,392273,C,2017-03-09T15:03:38-05:00,436,,service25,BUMC - CSSC Rectal Exam SimMk2(REC01),F,392274,1,,
437,2025-10-08 17:38:04.712310,accl,00000021,00000021,est,1.0,2.0,2100-01-01,2016-12-22,est,00000021,est,309.0,MED - CSSC,1.0,,F,F,392275,C,2017-03-09T15:03:55-05:00,437,,service25,BUMC - CSSC SAM1 (student ausc manikin),F,392276,1,,
438,2025-10-08 17:38:05.068501,accl,00000021,00000021,est,1.0,2.0,2100-01-01,2016-12-22,est,00000021,est,309.0,MED - CSSC,1.0,,F,F,392277,C,2017-03-09T15:04:11-05:00,438,,service25,BUMC - CSSC SAM2 (student ausc manikin),F,392278,1,,
439,2025-10-08 17:38:05.399260,accl,00000021,00000021,est,1.0,2.0,2100-01-01,2016-12-22,est,00000021,est,309.0,MED - CSSC,1.0,,F,F,392279,C,2017-03-09T15:04:27-05:00,439,,service25,BUMC - CSSC SimMan 3G(Sim3G1),F,392280,1,,
440,2025-10-08 17:38:05.725502,accl,00000021,00000021,est,1.0,2.0,2100-01-01,2016-12-22,est,00000021,est,309.0,MED - CSSC,1.0,,F,F,392281,C,2017-03-09T15:04:42-05:00,440,,service25,BUMC - CSSC SimMan Essential 1(SimEss1),F,392282,1,,
441,2025-10-08 17:38:06.052342,accl,00000021,00000021,est,1.0,2.0,2100-01-01,2016-12-22,est,00000021,est,309.0,MED - CSSC,1.0,,F,F,392284,C,2017-03-09T15:04:57-05:00,441,,service25,BUMC - CSSC SimMan Essential 2(SimEss2),F,392285,1,,
442,2025-10-08 17:38:06.374519,accl,00000021,00000021,est,1.0,2.0,2100-01-01,2016-12-22,est,00000021,est,309.0,MED - CSSC,1.0,,F,F,392286,C,2017-03-09T15:05:12-05:00,442,,service25,BUMC - CSSC SimMan Essential 3(SimEss3),F,392287,1,,
532,2025-10-08 17:38:06.693433,accl,00000022,00000021,est,30.0,2.0,2100-01-01,2016-12-22,est,00000021,est,308.0,BUMC - LETS,1.0,,F,F,,C,2025-05-01T16:34:50-04:00,532,,bumcfa04@bu.edu,BUMC - CTC AV Setup,F,,30,,
267,2025-10-08 17:38:07.023189,accl,00000022,00000022,est,30.0,4.0,2100-01-01,2016-12-22,est,00000021,est,307.0,BUMC - Facilities Mgt.,1.0,,F,F,391833,C,2017-03-09T14:17:27-05:00,267,,service25,BUMC - Custodian,F,391834,30,,
269,2025-10-08 17:38:07.391344,accl,00000022,00000024,est,2.0,2.0,2100-01-01,2016-12-22,est,00000021,est,308.0,BUMC - LETS,1.0,,F,F,391837,C,2017-06-28T10:43:23-04:00,269,,BUMC FAx,BUMC - DMR Recording - Keefer/Bakst,F,391838,2,,
322,2025-10-08 17:38:07.719809,accl,00000021,00000023,est,4.0,2.0,2100-01-01,2016-12-22,est,00000021,est,308.0,BUMC - LETS,1.0,,F,F,391943,C,2017-03-09T14:32:57-05:00,322,,service25,BUMC - DocCamera,F,391944,4,,
520,2025-10-08 17:38:08.035756,accl,00000021,00000021,est,3.0,1.0,2100-01-01,2020-09-22,est,00000021,est,308.0,BUMC - LETS,1.0,,F,F,,C,2020-09-22T13:37:35-04:00,520,,BUMC FA2,BUMC - Drawing Tablet - XP-PEN Artist 12,F,,3,,
321,2025-10-08 17:38:08.361616,accl,00000021,00000022,est,4.0,2.0,2100-01-01,2016-12-22,est,00000021,est,308.0,BUMC - LETS,1.0,,F,F,391941,C,2017-03-09T14:32:40-05:00,321,,service25,BUMC - DVD/Blu Ray Player,F,391942,4,,
333,2025-10-08 17:38:08.684323,accl,00000021,00000021,est,4.0,2.0,2100-01-01,2016-12-22,est,00000021,est,308.0,BUMC - LETS,1.0,,F,F,391979,C,2017-03-09T14:36:07-05:00,333,,service25,BUMC - Easel (heavy),F,391980,4,,
334,2025-10-08 17:38:09.011094,accl,00000021,00000021,est,1.0,3.0,2100-01-01,2016-12-22,est,00000021,est,308.0,BUMC - LETS,1.0,,F,F,391981,C,2017-03-09T14:36:23-05:00,334,,service25,BUMC - Easel (light),F,391982,1,,
335,2025-10-08 17:38:09.335426,accl,00000029,00000022,est,8.0,2.0,2100-01-01,2016-12-22,est,,,,,,,F,F,,C,2025-04-29T11:23:02-04:00,335,,bumcfa04@bu.edu,BUMC - Echo Podcasting-audio(mp3) only,F,,8,,
336,2025-10-08 17:38:09.679419,accl,00000022,00000022,est,1.0,2.0,2100-01-01,2016-12-22,est,,,,,,,F,F,,C,2025-04-10T15:40:33-04:00,336,,bumcfa02@bu.edu,BUMC - Echo Podcasting-mp3 only - Mobile,F,,1,,
530,2025-10-08 17:38:10.351523,accl,00000023,00000021,est,50.0,3.0,2100-01-01,2023-01-01,est,00000021,est,308.0,BUMC - LETS,1.0,,F,F,,C,2024-10-24T17:29:07-04:00,530,,bumcfa01@bu.edu,BUMC - Echo360 - Classroom Capture,F,,50,,
529,2025-10-08 17:38:10.700677,accl,00000021,00000021,est,14.0,3.0,2100-01-01,2023-01-01,est,00000021,est,308.0,BUMC - LETS,1.0,,F,F,,C,2024-09-20T17:31:18-04:00,529,,bumcfa01@bu.edu,BUMC - Echo360 - Device Capture,F,,14,,
486,2025-10-08 17:38:11.029074,accl,00000022,00000022,est,2.0,2.0,2100-01-01,2016-12-22,est,,,,,,,F,F,,C,2025-04-10T15:41:27-04:00,486,,bumcfa02@bu.edu,BUMC - Echo360 Cloud - Active Learning,F,,2,,
528,2025-10-08 17:38:11.352062,accl,00000021,00000021,est,1.0,1.0,2100-01-01,2016-12-22,est,,,,,,,F,F,,C,2024-01-09T11:59:07-05:00,528,,bumcfa01@bu.edu,BUMC - Echo360 Recording - 670 Room 108,F,,1,,
467,2025-10-08 17:38:11.671896,accl,00000021,00000024,est,1.0,2.0,2100-01-01,2016-12-22,est,00000021,est,308.0,BUMC - LETS,1.0,,F,F,436872,C,2017-06-28T12:22:50-04:00,467,,BUMC FAx,BUMC - Echo360 Recording - BAKST,F,436873,1,,
474,2025-10-08 17:38:12.002502,accl,00000021,00000023,est,1.0,2.0,2100-01-01,2016-12-22,est,00000021,est,308.0,BUMC - LETS,1.0,,F,F,436895,C,2017-06-28T13:02:46-04:00,474,,BUMC FAx,BUMC - Echo360 Recording - EB43,F,436896,1,,
469,2025-10-08 17:38:12.328510,accl,00000021,00000023,est,1.0,2.0,2100-01-01,2016-12-22,est,00000021,est,308.0,BUMC - LETS,1.0,,F,F,436877,C,2017-06-28T12:25:51-04:00,469,,BUMC FAx,BUMC - Echo360 Recording - Keefer,F,436878,1,,
468,2025-10-08 17:38:12.657522,accl,00000021,00000023,est,1.0,2.0,2100-01-01,2016-12-22,est,00000021,est,308.0,BUMC - LETS,1.0,,F,F,436874,C,2017-06-28T12:23:36-04:00,468,,BUMC FAx,BUMC - Echo360 Recording - L110,F,436875,1,,
470,2025-10-08 17:38:12.981303,accl,00000021,00000023,est,1.0,2.0,2100-01-01,2016-12-22,est,00000021,est,308.0,BUMC - LETS,1.0,,F,F,436879,C,2017-06-28T12:27:22-04:00,470,,BUMC FAx,BUMC - Echo360 Recording - L112,F,436880,1,,
471,2025-10-08 17:38:13.307734,accl,00000021,00000023,est,1.0,2.0,2100-01-01,2016-12-22,est,00000021,est,308.0,BUMC - LETS,1.0,,F,F,436882,C,2017-06-28T12:28:04-04:00,471,,BUMC FAx,BUMC - Echo360 Recording - L311,F,436883,1,,
524,2025-10-08 17:38:13.633622,accl,00000021,00000021,est,1.0,1.0,2100-01-01,2016-12-22,est,00000021,est,308.0,BUMC - LETS,1.0,,F,F,,C,2022-07-28T16:11:31-04:00,524,,BUMC FA2,BUMC - Echo360 Recording - L405,F,,1,,
472,2025-10-08 17:38:13.965952,accl,00000021,00000023,est,1.0,2.0,2100-01-01,2016-12-22,est,00000021,est,308.0,BUMC - LETS,1.0,,F,F,436891,C,2017-06-28T12:57:45-04:00,472,,BUMC FAx,BUMC - Echo360 Recording - R108,F,436892,1,,
473,2025-10-08 17:38:14.292620,accl,00000021,00000023,est,1.0,2.0,2100-01-01,2016-12-22,est,00000021,est,308.0,BUMC - LETS,1.0,,F,F,436893,C,2017-06-28T12:58:37-04:00,473,,BUMC FAx,BUMC - Echo360 Recording - R115,F,436894,1,,
466,2025-10-08 17:38:14.608908,accl,00000021,00000022,est,1.0,2.0,2100-01-01,2016-12-22,est,00000021,est,308.0,BUMC - LETS,1.0,,F,F,436869,C,2017-06-28T12:21:08-04:00,466,,BUMC FAx,BUMC - Echo360 Recording -670 Auditorium,F,436870,1,,
475,2025-10-08 17:38:14.936967,accl,00000021,00000022,est,1.0,2.0,2100-01-01,2016-12-22,est,00000021,est,308.0,BUMC - LETS,1.0,,F,F,436897,C,2017-06-28T13:03:29-04:00,475,,BUMC FAx,BUMC - Echo360 Recording Emergency Unit,F,436898,1,,
509,2025-10-08 17:38:15.270382,accl,00000021,00000021,est,1.0,2.0,2100-01-01,2018-10-01,est,00000021,est,308.0,BUMC - LETS,1.0,,F,F,699681,C,2018-10-01T12:42:02-04:00,509,,BUMC FA2,BUMC - Echo360 Steaming - 670 Auditorium,F,699682,1,,
501,2025-10-08 17:38:15.594993,accl,00000021,00000021,est,1.0,2.0,2100-01-01,2018-10-01,est,00000021,est,308.0,BUMC - LETS,1.0,,F,F,699635,C,2018-10-01T12:07:08-04:00,501,,BUMC FA2,BUMC - Echo360 Streaming - BAKST,F,699636,1,,
502,2025-10-08 17:38:15.918967,accl,00000021,00000021,est,1.0,2.0,2100-01-01,2018-10-01,est,00000021,est,308.0,BUMC - LETS,1.0,,F,F,699654,C,2018-10-01T12:25:42-04:00,502,,BUMC FA2,BUMC - Echo360 Streaming - EB43,F,699655,1,,
503,2025-10-08 17:38:16.254129,accl,00000021,00000021,est,1.0,2.0,2100-01-01,2018-10-01,est,00000021,est,308.0,BUMC - LETS,1.0,,F,F,699656,C,2018-10-01T12:26:40-04:00,503,,BUMC FA2,BUMC - Echo360 Streaming - Keefer,F,699657,1,,
504,2025-10-08 17:38:16.581085,accl,00000021,00000021,est,1.0,2.0,2100-01-01,2018-10-01,est,00000021,est,308.0,BUMC - LETS,1.0,,F,F,699661,C,2018-10-01T12:33:00-04:00,504,,BUMC FA2,BUMC - Echo360 Streaming - L110,F,699662,1,,
505,2025-10-08 17:38:16.910199,accl,00000021,00000021,est,1.0,2.0,2100-01-01,2018-10-01,est,00000021,est,308.0,BUMC - LETS,1.0,,F,F,699663,C,2018-10-01T12:36:51-04:00,505,,BUMC FA2,BUMC - Echo360 Streaming - L112,F,699664,1,,
506,2025-10-08 17:38:17.240842,accl,00000021,00000021,est,1.0,2.0,2100-01-01,2018-10-01,est,00000021,est,308.0,BUMC - LETS,1.0,,F,F,699673,C,2018-10-01T12:37:46-04:00,506,,BUMC FA2,BUMC - Echo360 Streaming - L311,F,699674,1,,
510,2025-10-08 17:38:17.578007,accl,00000021,00000021,est,1.0,2.0,2100-01-01,2018-10-01,est,00000021,est,308.0,BUMC - LETS,1.0,,F,F,699683,C,2018-10-01T12:42:58-04:00,510,,BUMC FA2,BUMC - Echo360 Streaming - Mobile,F,699684,1,,
507,2025-10-08 17:38:17.896525,accl,00000021,00000021,est,1.0,2.0,2100-01-01,2018-10-01,est,00000021,est,308.0,BUMC - LETS,1.0,,F,F,699675,C,2018-10-01T12:39:34-04:00,507,,BUMC FA2,BUMC - Echo360 Streaming - R108,F,699676,1,,
508,2025-10-08 17:38:18.223647,accl,00000021,00000021,est,1.0,2.0,2100-01-01,2018-10-01,est,00000021,est,308.0,BUMC - LETS,1.0,,F,F,699677,C,2018-10-01T12:41:04-04:00,508,,BUMC FA2,BUMC - Echo360 Streaming - R115,F,699678,1,,
339,2025-10-08 17:38:18.538494,accl,00000021,00000021,est,6.0,2.0,2100-01-01,2016-12-22,est,00000021,est,308.0,BUMC - LETS,1.0,,F,F,392015,C,2017-03-09T14:37:45-05:00,339,,service25,BUMC - EdTech Staff support,F,392016,6,,
323,2025-10-08 17:38:18.871072,accl,00000023,00000021,est,60.0,3.0,2100-01-01,2016-12-22,est,00000021,est,308.0,BUMC - LETS,1.0,,F,F,,C,2025-04-29T11:50:49-04:00,323,,bumcfa04@bu.edu,BUMC - EMC Coverage (per hour),F,,60,,
324,2025-10-08 17:38:19.191975,accl,00000021,00000021,est,5.0,2.0,2100-01-01,2016-12-22,est,00000021,est,308.0,BUMC - LETS,1.0,,F,F,391947,C,2017-03-09T14:33:29-05:00,324,,service25,BUMC - EMC Staff - Erita Ikonomi,F,391948,5,,
512,2025-10-08 17:38:19.519038,accl,00000022,00000021,est,1.0,2.0,2100-01-01,2018-08-01,est,00000021,est,308.0,BUMC - LETS,1.0,,F,F,,C,2025-04-10T15:32:43-04:00,512,,bumcfa02@bu.edu,BUMC - EMC Staff - Evanx Aguiluz,F,,1,,
518,2025-10-08 17:38:19.854494,accl,00000021,00000021,est,1.0,2.0,2100-01-01,2016-12-22,est,00000021,est,308.0,BUMC - LETS,1.0,,F,F,973376,C,2020-04-03T09:56:10-04:00,518,,BUMC FA2,BUMC - EMC Staff - Jack Wolfe,F,973377,1,,
325,2025-10-08 17:38:20.183962,accl,00000022,00000022,est,1.0,2.0,2100-01-01,2016-12-22,est,00000021,est,308.0,BUMC - LETS,1.0,,F,F,391949,C,2017-06-28T10:44:57-04:00,325,,BUMC FAx,BUMC - EMC Staff - Jana Mulkern,F,391950,1,,
522,2025-10-08 17:38:20.504604,accl,00000022,00000021,est,1.0,1.0,2100-01-01,2021-01-01,est,00000021,est,308.0,BUMC - LETS,1.0,,F,F,,C,2025-04-10T15:33:09-04:00,522,,bumcfa02@bu.edu,BUMC - EMC Staff - Jimmy Dolio,F,,1,,
327,2025-10-08 17:38:20.824551,accl,00000023,00000022,est,1.0,2.0,2100-01-01,2016-12-22,est,00000021,est,308.0,BUMC - LETS,1.0,,F,F,,C,2025-04-10T15:31:35-04:00,327,,bumcfa02@bu.edu,BUMC - EMC Staff - Jon Asgeirsson,F,,1,,
326,2025-10-08 17:38:21.155945,accl,00000022,00000021,est,1.0,3.0,2020-09-22,2016-12-22,est,00000021,est,308.0,BUMC - LETS,1.0,,F,F,,C,2020-09-22T15:48:09-04:00,326,,BUMC FA2,BUMC - EMC Staff - Kenith Wilson,F,,,,
521,2025-10-08 17:38:21.486951,accl,00000021,00000021,est,1.0,1.0,2100-01-01,2020-08-01,est,00000021,est,308.0,BUMC - LETS,1.0,,F,F,,C,2020-09-22T15:47:11-04:00,521,,BUMC FA2,BUMC - EMC Staff - Meagan Martin,F,,1,,
328,2025-10-08 17:38:21.809057,accl,00000021,00000021,est,1.0,2.0,2100-01-01,2016-12-22,est,00000021,est,308.0,BUMC - LETS,1.0,,F,F,391955,C,2017-03-09T14:34:47-05:00,328,,service25,BUMC - EMC Staff- Chris Romagna,F,391956,1,,
329,2025-10-08 17:38:22.127168,accl,00000021,00000021,est,1.0,2.0,2100-01-01,2016-12-22,est,00000021,est,308.0,BUMC - LETS,1.0,,F,F,391957,C,2017-03-09T14:35:02-05:00,329,,service25,BUMC - EMC Staff- David W King,F,391958,1,,
330,2025-10-08 17:38:22.453429,accl,00000023,00000021,est,1.0,4.0,2051-01-01,2024-03-01,est,00000021,est,308.0,BUMC - LETS,1.0,,F,F,,C,2025-04-10T15:34:11-04:00,330,,bumcfa02@bu.edu,BUMC - EMC Staff- Fouzia Bentahar,F,,1,,
331,2025-10-08 17:38:22.787443,accl,00000021,00000021,est,1.0,2.0,2100-01-01,2016-12-22,est,00000021,est,308.0,BUMC - LETS,1.0,,F,F,391975,C,2017-03-09T14:35:34-05:00,331,,service25,BUMC - EMC Staff- Liz Clark,F,391976,1,,
517,2025-10-08 17:38:23.109640,accl,00000021,00000021,est,1.0,2.0,2100-01-01,2016-12-22,est,00000021,est,308.0,BUMC - LETS,1.0,,F,F,973319,C,2020-04-02T17:30:14-04:00,517,,BUMC FA2,BUMC - EMC Staff- Scott Amico,F,973320,1,,
332,2025-10-08 17:38:23.429386,accl,00000022,00000021,est,1.0,3.0,2020-09-22,2016-12-22,est,00000021,est,308.0,BUMC - LETS,1.0,,F,F,,C,2020-09-22T15:48:48-04:00,332,,BUMC FA2,BUMC - EMC Staff- Tristan Crane,F,,,,
340,2025-10-08 17:38:23.759013,accl,00000021,00000021,est,10.0,2.0,2100-01-01,2016-12-22,est,00000021,est,308.0,BUMC - LETS,1.0,,F,F,392017,C,2017-03-09T14:38:02-05:00,340,,service25,BUMC - Ethernet cable (long),F,392018,10,,
341,2025-10-08 17:38:24.082966,accl,00000021,00000021,est,10.0,2.0,2100-01-01,2016-12-22,est,00000021,est,308.0,BUMC - LETS,1.0,,F,F,392019,C,2017-03-09T14:38:18-05:00,341,,service25,BUMC - Ethernet cable (short),F,392020,10,,
342,2025-10-08 17:38:24.399166,accl,00000021,00000021,est,100.0,2.0,2100-01-01,2016-12-22,est,00000021,est,308.0,BUMC - LETS,1.0,,F,F,392022,C,2017-03-09T14:38:36-05:00,342,,service25,BUMC - Exam- Web-based Shelf Exam,F,392023,100,,
343,2025-10-08 17:38:24.720103,accl,00000021,00000021,est,100.0,2.0,2100-01-01,2016-12-22,est,00000021,est,308.0,BUMC - LETS,1.0,,F,F,392024,C,2017-03-09T14:38:51-05:00,343,,service25,BUMC - Exam-Paper Based,F,392025,100,,
344,2025-10-08 17:38:25.055534,accl,00000021,00000021,est,100.0,2.0,2100-01-01,2016-12-22,est,00000021,est,308.0,BUMC - LETS,1.0,,F,F,392026,C,2017-03-09T14:39:05-05:00,344,,service25,BUMC - Examsoft,F,392027,100,,
270,2025-10-08 17:38:25.396370,accl,00000021,00000023,est,2.0,2.0,2100-01-01,2016-12-22,est,00000021,est,307.0,BUMC - Facilities Mgt.,1.0,,F,F,391839,C,2017-03-09T14:17:45-05:00,270,,service25,BUMC - Express Elevator,F,391840,2,,
492,2025-10-08 17:38:25.712496,accl,00000021,00000022,est,2.0,2.0,2100-01-01,2016-12-22,est,00000021,est,307.0,BUMC - Facilities Mgt.,1.0,,F,F,519424,C,2017-11-06T14:23:21-05:00,492,,BUMC FA1,BUMC - Express Elevator - DOWN,F,519425,2,,
491,2025-10-08 17:38:26.027916,accl,00000021,00000022,est,2.0,2.0,2100-01-01,2016-12-22,est,00000021,est,307.0,BUMC - Facilities Mgt.,1.0,,F,F,519422,C,2017-11-06T14:22:22-05:00,491,,BUMC FA1,BUMC - Express Elevator - UP,F,519423,2,,
345,2025-10-08 17:38:26.346669,accl,00000021,00000021,est,3.0,2.0,2100-01-01,2016-12-22,est,00000021,est,308.0,BUMC - LETS,1.0,,F,F,392029,C,2017-03-09T14:39:22-05:00,345,,service25,BUMC - Extension Cord (25 ft),F,392030,3,,
346,2025-10-08 17:38:26.667209,accl,00000021,00000021,est,2.0,2.0,2100-01-01,2016-12-22,est,00000021,est,308.0,BUMC - LETS,1.0,,F,F,392031,C,2017-03-09T14:39:37-05:00,346,,service25,BUMC - Extension Cord (50 ft),F,392032,2,,
271,2025-10-08 17:38:26.985921,accl,00000021,00000022,est,2.0,2.0,2100-01-01,2016-12-22,est,00000021,est,307.0,BUMC - Facilities Mgt.,1.0,,F,F,391841,C,2017-03-09T14:18:20-05:00,271,,service25,BUMC - Extension Cord (Facility),F,391842,2,,
272,2025-10-08 17:38:27.317815,accl,00000021,00000022,est,0.0,3.0,2100-01-01,2016-12-22,est,00000021,est,307.0,BUMC - Facilities Mgt.,1.0,,F,F,391843,C,2017-03-09T14:18:35-05:00,272,,service25,BUMC - Extra Trash Barrel,F,391844,0,,
273,2025-10-08 17:38:27.643652,accl,00000021,00000022,est,2.0,2.0,2100-01-01,2016-12-22,est,00000021,est,307.0,BUMC - Facilities Mgt.,1.0,,F,F,391845,C,2017-03-09T14:18:51-05:00,273,,service25,BUMC - Facilities 100 foot ext cord,F,391846,2,,
449,2025-10-08 17:38:27.970851,accl,00000021,00000022,est,100.0,2.0,2100-01-01,2016-12-22,est,00000021,est,307.0,BUMC - Facilities Mgt.,1.0,,F,F,404757,C,2017-04-12T15:54:36-04:00,449,,service25,BUMC - Facilities SET UP,F,404758,100,,
484,2025-10-08 17:38:28.291035,accl,00000021,00000022,est,100.0,2.0,2100-01-01,2016-12-22,est,00000021,est,307.0,BUMC - Facilities Mgt.,1.0,,F,F,442718,C,2017-07-06T19:19:19-04:00,484,,r25admin,BUMC - Facilities SET UP (EXAM ONLY),F,442719,100,,
274,2025-10-08 17:38:28.611018,accl,00000021,00000022,est,1.0,2.0,2100-01-01,2016-12-22,est,00000021,est,307.0,BUMC - Facilities Mgt.,1.0,,F,F,391847,C,2017-03-09T14:19:06-05:00,274,,service25,BUMC - Flag-BU Seal,F,391848,1,,
275,2025-10-08 17:38:28.942618,accl,00000021,00000022,est,1.0,2.0,2100-01-01,2016-12-22,est,00000021,est,307.0,BUMC - Facilities Mgt.,1.0,,F,F,391849,C,2017-03-09T14:19:22-05:00,275,,service25,BUMC - Flag-BUSM,F,391850,1,,
276,2025-10-08 17:38:29.275287,accl,00000021,00000022,est,1.0,2.0,2100-01-01,2016-12-22,est,00000021,est,307.0,BUMC - Facilities Mgt.,1.0,,F,F,391851,C,2017-03-09T14:19:40-05:00,276,,service25,BUMC - Flag-City,F,391852,1,,
277,2025-10-08 17:38:29.602252,accl,00000021,00000022,est,1.0,2.0,2100-01-01,2016-12-22,est,00000021,est,307.0,BUMC - Facilities Mgt.,1.0,,F,F,391853,C,2017-03-09T14:19:56-05:00,277,,service25,BUMC - Flag-Federal,F,391854,1,,
278,2025-10-08 17:38:29.916183,accl,00000021,00000022,est,1.0,2.0,2100-01-01,2016-12-22,est,00000021,est,307.0,BUMC - Facilities Mgt.,1.0,,F,F,391855,C,2017-03-09T14:20:14-05:00,278,,service25,BUMC - Flag-GSDM,F,391856,1,,
279,2025-10-08 17:38:30.240712,accl,00000021,00000022,est,1.0,2.0,2100-01-01,2016-12-22,est,00000021,est,307.0,BUMC - Facilities Mgt.,1.0,,F,F,391857,C,2017-03-09T14:20:33-05:00,279,,service25,BUMC - Flag-SPH,F,391858,1,,
280,2025-10-08 17:38:30.563282,accl,00000021,00000022,est,1.0,2.0,2100-01-01,2016-12-22,est,00000021,est,307.0,BUMC - Facilities Mgt.,1.0,,F,F,391859,C,2017-03-09T14:20:50-05:00,280,,service25,BUMC - Flag-State,F,391860,1,,
349,2025-10-08 17:38:30.889323,accl,00000021,00000021,est,10.0,2.0,2100-01-01,2016-12-22,est,00000021,est,308.0,BUMC - LETS,1.0,,F,F,392038,C,2017-03-09T14:40:30-05:00,349,,service25,BUMC - Flip Chart Pads (Sticky),F,392039,10,,
350,2025-10-08 17:38:31.212206,accl,00000021,00000021,est,5.0,2.0,2100-01-01,2016-12-22,est,00000021,est,308.0,BUMC - LETS,1.0,,F,F,392041,C,2017-03-09T14:40:47-05:00,350,,service25,BUMC - Flip Chart Pads (Table Top),F,392042,5,,
485,2025-10-08 17:38:31.533948,accl,00000021,00000022,est,100.0,2.0,2100-01-01,2016-12-22,est,00000021,est,307.0,BUMC - Facilities Mgt.,1.0,,F,F,467247,C,2017-08-25T14:38:11-04:00,485,,BUMC FA2,BUMC - FLOOR PLAN - SEE EVENT DETAILS,F,467248,100,,
242,2025-10-08 17:38:31.862955,accl,00000023,00000024,est,1.0,3.0,2100-01-01,2016-12-22,est,00000021,est,308.0,BUMC - LETS,1.0,,F,F,,C,2025-04-29T11:43:15-04:00,242,,bumcfa04@bu.edu,BUMC - Google Meet,F,,1,,
453,2025-10-08 17:38:32.186779,accl,00000022,00000021,est,20.0,3.0,2100-01-01,2016-12-22,est,00000021,est,307.0,BUMC - Facilities Mgt.,1.0,,F,F,,C,2021-09-10T15:06:36-04:00,453,,BUMC FA2,BUMC - Grounds,F,,20,,
281,2025-10-08 17:38:32.510158,accl,00000021,00000022,est,36.0,3.0,2100-01-01,2016-12-22,est,00000021,est,307.0,BUMC - Facilities Mgt.,1.0,,F,F,391861,C,2017-03-09T14:21:08-05:00,281,,service25,BUMC - Hieb. Latt. Board SETUP/TAKEDOWN,F,391862,36,,
526,2025-10-08 17:38:32.823400,accl,00000023,00000021,est,1.0,1.0,2100-01-01,2022-09-01,est,00000021,est,308.0,BUMC - LETS,1.0,,F,F,,C,2023-03-20T11:26:41-04:00,526,,bumcfa01@bu.edu,BUMC - JBL Wireless Speaker,F,,1,,
489,2025-10-08 17:38:33.145162,accl,00000021,00000021,est,10.0,2.0,2100-01-01,2016-12-22,est,00000021,est,308.0,BUMC - LETS,1.0,,F,F,486589,C,2017-09-07T13:10:20-04:00,489,,BUMC FA1,BUMC - Kaltura Capture Space Recording,F,486590,10,,
282,2025-10-08 17:38:33.467994,accl,00000021,00000026,est,2.0,2.0,2100-01-01,2016-12-22,est,00000021,est,307.0,BUMC - Facilities Mgt.,1.0,,F,F,391863,C,2017-03-09T14:21:22-05:00,282,,service25,BUMC - L-Lobby Table,F,391864,2,,
430,2025-10-08 17:38:33.792401,accl,00000028,00000021,est,13.0,4.0,2099-12-30,2025-05-12,est,00000021,est,309.0,MED - CSSC,1.0,,F,F,,C,2025-05-20T12:56:46-04:00,430,,bumcfa04@bu.edu,BUMC - L6 CSSC - Observation Patient Rm,F,,13,,
536,2025-10-08 17:38:34.116481,accl,00000023,00000021,est,4.0,1.0,2099-12-27,2025-05-12,est,00000021,est,309.0,MED - CSSC,1.0,,F,F,,C,2025-05-20T12:25:44-04:00,536,,bumcfa02@bu.edu,BUMC - L6 CSSC - Observation Sim Rm,F,,4,,
535,2025-10-08 17:38:34.438174,accl,00000024,00000021,est,13.0,1.0,2099-12-30,2025-05-12,est,00000021,est,309.0,MED - CSSC,1.0,,F,F,,C,2025-05-20T12:50:27-04:00,535,,bumcfa02@bu.edu,BUMC - L6 CSSC - Recording Patient Rm,F,,13,,
533,2025-10-08 17:38:34.770625,accl,0000002D,00000021,est,4.0,5.0,2099-12-27,2025-05-12,est,00000021,est,309.0,MED - CSSC,1.0,,F,F,,C,2025-05-20T12:29:15-04:00,533,,bumcfa02@bu.edu,BUMC - L6 CSSC - Recording Sim Rm,F,,4,,
537,2025-10-08 17:38:35.090133,accl,00000026,00000021,est,2.0,2.0,2052-03-30,2025-07-06,est,00000021,est,309.0,MED - CSSC,1.0,,F,F,,C,2025-07-21T13:00:58-04:00,537,,bumcfa02@bu.edu,BUMC - L6 CSSC - Scrub Sink,F,,2,,
354,2025-10-08 17:38:35.409530,accl,00000021,00000021,est,100.0,2.0,2100-01-01,2016-12-22,est,00000021,est,308.0,BUMC - LETS,1.0,,F,F,392049,C,2017-03-09T14:41:51-05:00,354,,service25,BUMC - Lab **WET LAB**,F,392050,100,,
355,2025-10-08 17:38:35.736815,accl,00000021,00000021,est,100.0,2.0,2100-01-01,2016-12-22,est,00000021,est,308.0,BUMC - LETS,1.0,,F,F,392051,C,2017-03-09T14:42:07-05:00,355,,service25,BUMC - Lab Biohazard Trash Box,F,392052,100,,
356,2025-10-08 17:38:36.070719,accl,00000021,00000021,est,6.0,2.0,2100-01-01,2016-12-22,est,00000021,est,308.0,BUMC - LETS,1.0,,F,F,392053,C,2017-03-09T14:42:25-05:00,356,,service25,BUMC - Lab ECG/EKG Machines,F,392054,6,,
283,2025-10-08 17:38:36.399995,accl,00000021,00000021,est,1.0,2.0,2100-01-02,2017-01-27,est,00000021,est,307.0,BUMC - Facilities Mgt.,1.0,,F,F,391865,C,2017-03-09T14:21:39-05:00,283,,service25,BUMC - Lab L4 Red Bag Pick up,F,391866,1,,
357,2025-10-08 17:38:36.717185,accl,00000021,00000021,est,16.0,2.0,2100-01-01,2016-12-22,est,00000021,est,308.0,BUMC - LETS,1.0,,F,F,392055,C,2017-03-09T14:42:40-05:00,357,,service25,BUMC - Lab Mattress,F,392056,16,,
358,2025-10-08 17:38:37.049218,accl,00000021,00000021,est,7.0,2.0,2100-01-01,2016-12-22,est,00000021,est,308.0,BUMC - LETS,1.0,,F,F,392058,C,2017-03-09T14:42:56-05:00,358,,service25,BUMC - Lab Osmotic Pressure,F,392059,7,,
359,2025-10-08 17:38:37.374437,accl,00000021,00000021,est,1.0,2.0,2100-01-01,2016-12-22,est,00000021,est,308.0,BUMC - LETS,1.0,,F,F,392060,C,2017-03-09T14:43:14-05:00,359,,service25,BUMC - Lab Pigs Feet/Pig Skin,F,392061,1,,
360,2025-10-08 17:38:37.756274,accl,00000021,00000021,est,20.0,2.0,2100-01-01,2016-12-22,est,00000021,est,308.0,BUMC - LETS,1.0,,F,F,392062,C,2017-03-09T14:43:30-05:00,360,,service25,BUMC - Lab Pillow,F,392063,20,,
284,2025-10-08 17:38:38.085936,accl,00000021,00000021,est,20.0,2.0,2100-01-01,2016-12-22,est,00000021,est,308.0,BUMC - LETS,1.0,,F,F,391867,C,2017-03-09T14:21:53-05:00,284,,service25,BUMC - Lab SET-UP,F,391868,20,,
362,2025-10-08 17:38:38.414364,accl,00000021,00000021,est,100.0,2.0,2100-01-01,2016-12-22,est,00000021,est,308.0,BUMC - LETS,1.0,,F,F,392067,C,2017-03-09T14:44:03-05:00,362,,service25,BUMC - Lab Sharp Container,F,392068,100,,
363,2025-10-08 17:38:38.737125,accl,00000021,00000021,est,12.0,2.0,2100-01-01,2016-12-22,est,00000021,est,308.0,BUMC - LETS,1.0,,F,F,392069,C,2017-03-09T14:44:19-05:00,363,,service25,BUMC - Lab Sheets,F,392070,12,,
365,2025-10-08 17:38:39.070330,accl,00000021,00000021,est,100.0,2.0,2100-01-01,2016-12-22,est,00000021,est,308.0,BUMC - LETS,1.0,,F,F,392073,C,2017-03-09T14:44:52-05:00,365,,service25,BUMC - Lab Surgical Blade,F,392074,100,,
366,2025-10-08 17:38:39.404658,accl,00000021,00000021,est,50.0,2.0,2100-01-01,2016-12-22,est,00000021,est,308.0,BUMC - LETS,1.0,,F,F,392075,C,2017-03-09T14:45:08-05:00,366,,service25,BUMC - Lab Suture,F,392076,50,,
367,2025-10-08 17:38:39.739780,accl,00000021,00000021,est,50.0,2.0,2100-01-01,2016-12-22,est,00000021,est,308.0,BUMC - LETS,1.0,,F,F,392077,C,2017-03-09T14:45:23-05:00,367,,service25,BUMC - Lab Suture Instruments,F,392078,50,,
368,2025-10-08 17:38:40.068108,accl,00000021,00000021,est,100.0,2.0,2100-01-01,2016-12-22,est,00000021,est,308.0,BUMC - LETS,1.0,,F,F,392080,C,2017-03-09T14:45:41-05:00,368,,service25,BUMC - Lab Test Tubes Solutions,F,392081,100,,
369,2025-10-08 17:38:40.406450,accl,00000021,00000021,est,100.0,2.0,2100-01-01,2016-12-22,est,00000021,est,308.0,BUMC - LETS,1.0,,F,F,392082,C,2017-03-09T14:45:59-05:00,369,,service25,BUMC - Lab Tie Boards,F,392083,100,,
370,2025-10-08 17:38:40.737251,accl,00000021,00000021,est,100.0,2.0,2100-01-01,2016-12-22,est,00000021,est,308.0,BUMC - LETS,1.0,,F,F,392084,C,2017-03-09T14:46:19-05:00,370,,service25,BUMC - Lab Tongue Depressors,F,392085,100,,
371,2025-10-08 17:38:41.070490,accl,00000021,00000021,est,20.0,2.0,2100-01-01,2016-12-22,est,00000021,est,308.0,BUMC - LETS,1.0,,F,F,392086,C,2017-03-09T14:46:31-05:00,371,,service25,BUMC - Lab Trash bag,F,392087,20,,
372,2025-10-08 17:38:41.402662,accl,00000022,00000021,est,5.0,2.0,2100-01-01,2016-12-22,est,,,,,,,F,F,,C,2021-04-20T17:39:10-04:00,372,,kparker2@bu.edu,BUMC - Lab X-ray Reading Light Box,F,,5,"[{'crc': '00000021', 'status': 'est', 'category_id': 320, 'category_name': 'Building - 670 Albany', 'category_defn_state': 1}, {'crc': '00000021', 'status': 'est', 'category_id': 308, 'category_name': 'BUMC - LETS', 'category_defn_state': 1}]",
373,2025-10-08 17:38:41.722822,accl,00000022,00000021,est,3.0,3.0,2100-01-01,2016-12-22,est,00000021,est,308.0,BUMC - LETS,1.0,,F,F,,C,2024-05-02T15:50:04-04:00,373,,bumcfa02@bu.edu,BUMC - Laptop (admin),F,,3,,
374,2025-10-08 17:38:42.048923,accl,00000021,00000021,est,7.0,3.0,2100-01-01,2016-12-22,est,00000021,est,308.0,BUMC - LETS,1.0,,F,F,392093,C,2017-03-09T14:47:16-05:00,374,,service25,BUMC - Laptop (instructional),F,392094,7,,
353,2025-10-08 17:38:42.375861,accl,00000021,00000021,est,5.0,2.0,2100-01-01,2016-12-22,est,00000021,est,308.0,BUMC - LETS,1.0,,F,F,392047,C,2017-03-09T14:41:35-05:00,353,,service25,BUMC - LCD Projector,F,392048,5,,
458,2025-10-08 17:38:42.695768,accl,00000021,00000021,est,5.0,2.0,2100-01-01,2016-12-22,est,00000021,est,308.0,BUMC - LETS,1.0,,F,F,436823,C,2017-06-28T10:57:51-04:00,458,,BUMC FAx,BUMC - LCD Projector Rental,F,436824,5,,
454,2025-10-08 17:38:43.024462,accl,00000021,00000021,est,4.0,3.0,2100-01-01,2016-12-22,est,00000021,est,307.0,BUMC - Facilities Mgt.,1.0,,F,F,436808,C,2017-06-28T08:27:35-04:00,454,,r25admin,BUMC - Mechanic,F,436809,4,,
377,2025-10-08 17:38:43.348891,accl,00000021,00000022,est,2.0,2.0,2100-01-01,2016-12-22,est,00000021,est,308.0,BUMC - LETS,1.0,,F,F,392101,C,2017-03-09T14:48:03-05:00,377,,service25,BUMC - Mic - over ear,F,392102,2,,
378,2025-10-08 17:38:43.691491,accl,00000021,00000021,est,7.0,2.0,2100-01-01,2016-12-22,est,00000021,est,308.0,BUMC - LETS,1.0,,F,F,392103,C,2017-03-09T14:48:20-05:00,378,,service25,BUMC - Mic Cable 10ft XLR to USB,F,392104,7,,
379,2025-10-08 17:38:44.008153,accl,00000022,00000021,est,8.0,3.0,2100-01-01,2016-12-22,est,00000021,est,308.0,BUMC - LETS,1.0,,F,F,,C,2025-04-10T15:24:40-04:00,379,,bumcfa02@bu.edu,BUMC - Mic Stand (Table Top),F,,8,,
380,2025-10-08 17:38:44.330760,accl,00000021,00000021,est,4.0,2.0,2100-01-01,2016-12-22,est,00000021,est,308.0,BUMC - LETS,1.0,,F,F,392108,C,2017-03-09T14:48:49-05:00,380,,service25,BUMC - Mic Stand(Floor Stand w/Boom Arm),F,392109,4,,
381,2025-10-08 17:38:44.653473,accl,00000021,00000021,est,40.0,2.0,2100-01-01,2016-12-22,est,00000021,est,308.0,BUMC - LETS,1.0,,F,F,392110,C,2017-03-09T14:49:04-05:00,381,,service25,BUMC - Microscope,F,392111,40,,
382,2025-10-08 17:38:44.986494,accl,00000021,00000021,est,75.0,2.0,2100-01-01,2016-12-22,est,00000021,est,308.0,BUMC - LETS,1.0,,F,F,392113,C,2017-03-09T14:49:22-05:00,382,,service25,BUMC - Microscope lockers,F,392114,75,,
383,2025-10-08 17:38:45.345384,accl,00000021,00000021,est,2.0,2.0,2100-01-01,2016-12-22,est,00000021,est,308.0,BUMC - LETS,1.0,,F,F,392115,C,2017-03-09T14:49:40-05:00,383,,service25,BUMC - Microscope w/video camera,F,392116,2,,
402,2025-10-08 17:38:45.666700,accl,00000022,00000022,est,5.0,4.0,2100-01-01,2016-12-22,est,00000021,est,308.0,BUMC - LETS,1.0,,F,F,,C,2025-04-29T11:51:25-04:00,402,,bumcfa04@bu.edu,BUMC - Microsoft Teams,F,,5,,
352,2025-10-08 17:38:45.981045,accl,00000023,00000021,est,2.0,3.0,2100-01-01,2016-12-22,est,00000021,est,308.0,BUMC - LETS,1.0,,F,F,,C,2025-04-29T11:56:42-04:00,352,,bumcfa04@bu.edu,"BUMC - Monitor Screen Cart 42""",F,,2,,
348,2025-10-08 17:38:46.307035,accl,00000023,00000021,est,4.0,3.0,2100-01-01,2016-12-22,est,00000021,est,308.0,BUMC - LETS,1.0,,F,F,,C,2025-04-29T11:56:10-04:00,348,,bumcfa04@bu.edu,"BUMC - Monitor Screen Cart 55""",F,,4,,
384,2025-10-08 17:38:46.628860,accl,00000021,00000021,est,100.0,2.0,2100-01-01,2016-12-22,est,00000021,est,308.0,BUMC - LETS,1.0,,F,F,392118,C,2017-03-09T14:49:55-05:00,384,,service25,BUMC - NO AV ASSISTANCE REQUESTED,F,392119,100,,
285,2025-10-08 17:38:46.958505,accl,00000021,00000021,est,5.0,2.0,2100-01-01,2016-12-22,est,00000021,est,307.0,BUMC - Facilities Mgt.,1.0,,F,F,391869,C,2017-03-09T14:22:07-05:00,285,,service25,BUMC - NO Facility Setup Needed,F,391870,5,,
287,2025-10-08 17:38:47.341827,accl,00000021,00000021,est,2.0,2.0,2100-01-01,2016-12-22,est,00000021,est,307.0,BUMC - Facilities Mgt.,1.0,,F,F,391873,C,2017-03-09T14:22:36-05:00,287,,service25,BUMC - No Furniture/ Empty space,F,391874,2,,
286,2025-10-08 17:38:47.659839,accl,00000021,00000022,est,1.0,2.0,2100-01-01,2016-12-22,est,,,,,,,F,F,391871,C,2017-03-09T14:22:21-05:00,286,,service25,BUMC - NO Sprinkler - Talbot Green,F,391872,1,"[{'crc': '00000021', 'status': 'est', 'category_id': 321, 'category_name': 'Building - Talbot', 'category_defn_state': 1}, {'crc': '00000021', 'status': 'est', 'category_id': 307, 'category_name': 'BUMC - Facilities Mgt.', 'category_defn_state': 1}]",
260,2025-10-08 17:38:47.986887,accl,00000022,00000022,est,1.0,2.0,2100-01-01,2016-12-22,est,00000021,est,308.0,BUMC - LETS,1.0,,F,F,,C,2025-04-29T11:57:05-04:00,260,,bumcfa04@bu.edu,BUMC - OSEE Duet Stream Box,F,,1,,
385,2025-10-08 17:38:48.307696,accl,00000021,00000021,est,6.0,2.0,2100-01-01,2016-12-22,est,00000021,est,308.0,BUMC - LETS,1.0,,F,F,392120,C,2017-03-09T14:50:11-05:00,385,,service25,BUMC - PA Speaker,F,392121,6,,
386,2025-10-08 17:38:48.620291,accl,00000021,00000021,est,1.0,2.0,2100-01-01,2016-12-22,est,00000021,est,308.0,BUMC - LETS,1.0,,F,F,392122,C,2017-03-09T14:50:28-05:00,386,,service25,BUMC - Panasonic AG-DV200 DV Camera,F,392123,1,,
288,2025-10-08 17:38:48.952135,accl,00000022,00000021,est,2.0,4.0,2100-01-01,2016-12-22,est,00000021,est,307.0,BUMC - Facilities Mgt.,1.0,,F,F,,C,2021-08-17T16:10:47-04:00,288,,BUMC FA2,BUMC - Partition Closed / 670 Rm 107&108,F,,2,,
289,2025-10-08 17:38:49.283707,accl,00000021,00000021,est,1.0,2.0,2100-01-01,2016-12-22,est,00000021,est,307.0,BUMC - Facilities Mgt.,1.0,,F,F,391877,C,2017-03-09T14:23:08-05:00,289,,service25,BUMC - Partition Closed / K103N/S,F,391878,1,,
290,2025-10-08 17:38:49.610369,accl,00000021,00000021,est,1.0,3.0,2100-01-01,2016-12-22,est,00000021,est,307.0,BUMC - Facilities Mgt.,1.0,,F,F,391879,C,2017-03-09T14:23:22-05:00,290,,service25,BUMC - Partition Closed / L109A/L109B,F,391880,1,,
291,2025-10-08 17:38:49.946286,accl,00000021,00000021,est,1.0,3.0,2100-01-01,2016-12-22,est,00000021,est,307.0,BUMC - Facilities Mgt.,1.0,,F,F,391881,C,2017-03-09T14:23:38-05:00,291,,service25,BUMC - Partition Closed / L109C/L109B,F,391882,1,,
292,2025-10-08 17:38:50.275220,accl,00000021,00000021,est,1.0,3.0,2100-01-01,2016-12-22,est,00000021,est,307.0,BUMC - Facilities Mgt.,1.0,,F,F,391883,C,2017-03-09T14:23:51-05:00,292,,service25,BUMC - Partition Closed / L201/L203,F,391884,1,,
293,2025-10-08 17:38:50.646176,accl,00000021,00000021,est,1.0,3.0,2100-01-01,2016-12-22,est,00000021,est,307.0,BUMC - Facilities Mgt.,1.0,,F,F,391885,C,2017-03-09T14:24:06-05:00,293,,service25,BUMC - Partition Closed / L206/L209,F,391886,1,,
294,2025-10-08 17:38:50.971434,accl,00000021,00000021,est,1.0,3.0,2100-01-01,2016-12-22,est,00000021,est,307.0,BUMC - Facilities Mgt.,1.0,,F,F,391887,C,2017-03-09T14:24:23-05:00,294,,service25,BUMC - Partition Closed / L211/L213,F,391888,1,,
295,2025-10-08 17:38:51.297871,accl,00000021,00000021,est,1.0,3.0,2100-01-01,2016-12-22,est,00000021,est,307.0,BUMC - Facilities Mgt.,1.0,,F,F,391889,C,2017-03-09T14:24:38-05:00,295,,service25,BUMC - Partition Closed / L212/L214,F,391890,1,,
296,2025-10-08 17:38:51.624130,accl,0000002C,00000021,est,2.0,4.0,2100-01-01,2016-12-22,est,00000021,est,307.0,BUMC - Facilities Mgt.,1.0,,F,F,391891,C,2024-03-18T15:35:34-04:00,296,,bumcfa01@bu.edu,BUMC - Partition Closed/ CT460/460A,F,391892,2,,
297,2025-10-08 17:38:51.938791,accl,00000028,00000021,est,2.0,4.0,2100-01-01,2016-12-22,est,00000021,est,307.0,BUMC - Facilities Mgt.,1.0,,F,F,391893,C,2024-03-18T12:34:07-04:00,297,,bumcfa01@bu.edu,BUMC - Partition Closed/ CT462/462A,F,391894,2,,
298,2025-10-08 17:38:52.258606,accl,00000021,00000021,est,1.0,2.0,2100-01-01,2016-12-22,est,00000021,est,307.0,BUMC - Facilities Mgt.,1.0,,F,F,391895,C,2017-03-09T14:25:31-05:00,298,,service25,BUMC - Partition Open / K103N/S,F,391896,1,,
299,2025-10-08 17:38:52.583220,accl,00000021,00000021,est,1.0,2.0,2100-01-01,2016-12-22,est,00000021,est,307.0,BUMC - Facilities Mgt.,1.0,,F,F,391897,C,2017-03-09T14:25:45-05:00,299,,service25,BUMC - Partition Open / L109A/L109B,F,391898,1,,
300,2025-10-08 17:38:52.918551,accl,00000021,00000021,est,1.0,2.0,2100-01-01,2016-12-22,est,00000021,est,307.0,BUMC - Facilities Mgt.,1.0,,F,F,391899,C,2017-03-09T14:26:01-05:00,300,,service25,BUMC - Partition Open / L109C/L109B,F,391900,1,,
301,2025-10-08 17:38:53.245542,accl,00000021,00000021,est,1.0,3.0,2100-01-01,2016-12-22,est,00000021,est,307.0,BUMC - Facilities Mgt.,1.0,,F,F,391901,C,2017-03-09T14:26:21-05:00,301,,service25,BUMC - Partition Open / L201/L203,F,391902,1,,
302,2025-10-08 17:38:53.586614,accl,00000021,00000021,est,1.0,3.0,2100-01-01,2016-12-22,est,00000021,est,307.0,BUMC - Facilities Mgt.,1.0,,F,F,391903,C,2017-03-09T14:26:36-05:00,302,,service25,BUMC - Partition Open / L206/L209,F,391904,1,,
303,2025-10-08 17:38:53.930154,accl,00000021,00000021,est,1.0,3.0,2100-01-01,2016-12-22,est,00000021,est,307.0,BUMC - Facilities Mgt.,1.0,,F,F,391905,C,2017-03-09T14:26:49-05:00,303,,service25,BUMC - Partition Open / L211/L213,F,391906,1,,
304,2025-10-08 17:38:54.264300,accl,00000021,00000021,est,1.0,3.0,2100-01-01,2016-12-22,est,00000021,est,307.0,BUMC - Facilities Mgt.,1.0,,F,F,391907,C,2017-03-09T14:27:18-05:00,304,,service25,BUMC - Partition Open / L212/L214,F,391908,1,,
305,2025-10-08 17:38:54.585912,accl,00000022,,,,,,,est,00000021,est,307.0,BUMC - Facilities Mgt.,1.0,,F,F,,C,2021-08-17T16:12:25-04:00,305,,BUMC FA2,BUMC - Partition Opened / 670 Rm 107&108,F,,0,,"[{'crc': '00000021', 'status': 'est', 'stock_level': 0, 'version_nbr': 6, 'stock_end_dt': '2100-12-31', 'stock_start_dt': '2021-08-17'}, {'crc': '00000021', 'status': 'est', 'stock_level': 1, 'version_nbr': 4, 'stock_end_dt': '2021-08-17', 'stock_start_dt': '2016-12-22'}]"
306,2025-10-08 17:38:54.909736,accl,0000003F,00000021,est,2.0,4.0,2100-01-01,2016-12-22,est,00000021,est,307.0,BUMC - Facilities Mgt.,1.0,,F,F,391911,C,2024-03-18T15:36:22-04:00,306,,bumcfa01@bu.edu,BUMC - Partition Opened/ CT460/460A,F,391912,2,,
307,2025-10-08 17:38:55.237937,accl,00000028,00000021,est,2.0,4.0,2100-01-01,2016-12-22,est,00000021,est,307.0,BUMC - Facilities Mgt.,1.0,,F,F,391913,C,2024-03-18T12:33:14-04:00,307,,bumcfa01@bu.edu,BUMC - Partition Opened/ CT462/462A,F,391914,2,,
387,2025-10-08 17:38:55.560583,accl,00000021,00000022,est,7.0,2.0,2100-01-01,2016-12-22,est,00000021,est,308.0,BUMC - LETS,1.0,,F,F,392125,C,2017-03-09T14:50:43-05:00,387,,service25,BUMC - Physiology ADI Kit,F,392126,7,,
388,2025-10-08 17:38:55.874282,accl,00000021,00000022,est,7.0,2.0,2100-01-01,2016-12-22,est,00000021,est,308.0,BUMC - LETS,1.0,,F,F,392127,C,2017-03-09T14:51:00-05:00,388,,service25,BUMC - Physiology ADI Laptop,F,392128,7,,
308,2025-10-08 17:38:56.203297,accl,00000021,00000023,est,1.0,2.0,2100-01-01,2016-12-22,est,,,,,,,F,F,391915,C,2017-03-09T14:28:38-05:00,308,,service25,BUMC - Piano Moving - Hiebert,F,391916,1,"[{'crc': '00000021', 'status': 'est', 'category_id': 319, 'category_name': 'Building - Hiebert', 'category_defn_state': 1}, {'crc': '00000021', 'status': 'est', 'category_id': 307, 'category_name': 'BUMC - Facilities Mgt.', 'category_defn_state': 1}]",
456,2025-10-08 17:38:56.524859,accl,00000021,00000024,est,2.0,2.0,2100-01-01,2016-12-22,est,00000021,est,307.0,BUMC - Facilities Mgt.,1.0,,F,F,436816,C,2017-06-28T09:40:58-04:00,456,,r25admin,BUMC - Podium - Portable Restricted Use,F,436817,2,,
390,2025-10-08 17:38:56.862192,accl,00000021,00000023,est,1.0,2.0,2100-01-01,2016-12-22,est,00000021,est,308.0,BUMC - LETS,1.0,,F,F,392132,C,2017-03-09T14:51:31-05:00,390,,service25,BUMC - Podium Sign - BU (EB43),F,392133,1,,
391,2025-10-08 17:38:57.187038,accl,00000021,00000022,est,1.0,2.0,2100-01-01,2016-12-22,est,00000021,est,308.0,BUMC - LETS,1.0,,F,F,392134,C,2017-03-09T14:51:47-05:00,391,,service25,BUMC - Podium Sign - SPH (EB43),F,392135,1,,
523,2025-10-08 17:38:57.548435,accl,00000022,00000021,est,5.0,1.0,2100-01-01,2022-01-01,est,00000021,est,308.0,BUMC - LETS,1.0,,F,F,,C,2023-06-27T15:17:56-04:00,523,,bumcfa01@bu.edu,BUMC - Point Solutions,F,,5,,
392,2025-10-08 17:38:57.877573,accl,00000022,00000022,est,0.0,3.0,2100-01-01,2016-12-22,est,00000021,est,308.0,BUMC - LETS,1.0,"Retired on 10/11/18, now ""BUMC - Cisco VOIP Conference Phone""",F,F,392137,C,2018-10-11T11:20:00-04:00,392,,BUMC FA2,BUMC - Polycom - Analog Phone System,F,392138,0,,
309,2025-10-08 17:38:58.198701,accl,00000023,00000024,est,35.0,2.0,2100-01-01,2016-12-22,est,00000021,est,307.0,BUMC - Facilities Mgt.,1.0,"Poster Board Dimensions: 4' x 8' (per Frank Gibbs, 12/11/18)",F,F,391917,C,2018-12-12T12:30:44-05:00,309,,BUMC FA2,BUMC - Poster Board Panels,F,391918,35,,
393,2025-10-08 17:38:58.525298,accl,00000021,00000021,est,5.0,2.0,2100-01-01,2016-12-22,est,00000021,est,308.0,BUMC - LETS,1.0,,F,F,392139,C,2017-03-09T14:52:19-05:00,393,,service25,BUMC - Power Strip,F,392140,5,,
395,2025-10-08 17:38:58.864903,accl,00000021,00000021,est,4.0,2.0,2100-01-01,2016-12-22,est,00000021,est,308.0,BUMC - LETS,1.0,,F,F,392144,C,2017-03-09T14:52:52-05:00,395,,service25,BUMC - Privacy Curtain,F,392145,4,,
397,2025-10-08 17:38:59.204809,accl,00000021,00000021,est,40.0,2.0,2100-01-01,2016-12-22,est,00000021,est,308.0,BUMC - LETS,1.0,,F,F,392148,C,2017-03-09T14:53:23-05:00,397,,service25,BUMC - Privacy paper,F,392149,40,,
396,2025-10-08 17:38:59.534531,accl,00000021,00000021,est,2.0,2.0,2100-01-01,2016-12-22,est,00000021,est,308.0,BUMC - LETS,1.0,,F,F,392146,C,2017-03-09T14:53:08-05:00,396,,service25,BUMC - Privacy Screen,F,392147,2,,
459,2025-10-08 17:38:59.857812,accl,00000022,,,,,,,est,00000021,est,308.0,BUMC - LETS,1.0,,F,F,,C,2024-01-11T14:50:58-05:00,459,,BUMC FA2,BUMC - Projection Cart w/Laptop (L401),F,,0,,"[{'crc': '00000021', 'status': 'est', 'stock_level': 0, 'version_nbr': 7, 'stock_end_dt': '2050-02-01', 'stock_start_dt': '2024-01-01'}, {'crc': '00000021', 'status': 'est', 'stock_level': 1, 'version_nbr': 3, 'stock_end_dt': '2024-01-01', 'stock_start_dt': '2016-12-22'}]"
460,2025-10-08 17:39:00.185311,accl,00000022,,,,,,,est,00000021,est,308.0,BUMC - LETS,1.0,,F,F,,C,2024-01-11T14:52:26-05:00,460,,BUMC FA2,BUMC - Projection Cart w/Laptop (L403),F,,0,,"[{'crc': '00000021', 'status': 'est', 'stock_level': 0, 'version_nbr': 8, 'stock_end_dt': '2050-02-01', 'stock_start_dt': '2024-01-01'}, {'crc': '00000021', 'status': 'est', 'stock_level': 1, 'version_nbr': 4, 'stock_end_dt': '2024-01-01', 'stock_start_dt': '2016-12-22'}]"
461,2025-10-08 17:39:00.518650,accl,00000022,,,,,,,est,00000021,est,308.0,BUMC - LETS,1.0,,F,F,,C,2024-01-11T14:53:03-05:00,461,,BUMC FA2,BUMC - Projection Cart w/Laptop (L406),F,,0,,"[{'crc': '00000021', 'status': 'est', 'stock_level': 0, 'version_nbr': 8, 'stock_end_dt': '2050-02-01', 'stock_start_dt': '2024-01-01'}, {'crc': '00000021', 'status': 'est', 'stock_level': 1, 'version_nbr': 4, 'stock_end_dt': '2024-01-01', 'stock_start_dt': '2016-12-22'}]"
462,2025-10-08 17:39:00.842686,accl,00000022,,,,,,,est,00000021,est,308.0,BUMC - LETS,1.0,,F,F,,C,2024-01-11T14:53:39-05:00,462,,BUMC FA2,BUMC - Projection Cart w/Laptop (L409),F,,0,,"[{'crc': '00000021', 'status': 'est', 'stock_level': 0, 'version_nbr': 8, 'stock_end_dt': '2050-02-01', 'stock_start_dt': '2024-01-01'}, {'crc': '00000021', 'status': 'est', 'stock_level': 1, 'version_nbr': 4, 'stock_end_dt': '2024-01-01', 'stock_start_dt': '2016-12-22'}]"
463,2025-10-08 17:39:01.170039,accl,00000022,,,,,,,est,00000021,est,308.0,BUMC - LETS,1.0,,F,F,,C,2024-01-11T15:19:24-05:00,463,,BUMC FA2,BUMC - Projection Cart w/Laptop (L412),F,,0,,"[{'crc': '00000021', 'status': 'est', 'stock_level': 0, 'version_nbr': 8, 'stock_end_dt': '2050-02-01', 'stock_start_dt': '2024-01-01'}, {'crc': '00000021', 'status': 'est', 'stock_level': 1, 'version_nbr': 4, 'stock_end_dt': '2024-01-01', 'stock_start_dt': '2016-12-22'}]"
464,2025-10-08 17:39:01.496149,accl,00000022,,,,,,,est,00000021,est,308.0,BUMC - LETS,1.0,,F,F,,C,2024-01-11T15:20:02-05:00,464,,BUMC FA2,BUMC - Projection Cart w/Laptop (L413),F,,0,,"[{'crc': '00000021', 'status': 'est', 'stock_level': 0, 'version_nbr': 8, 'stock_end_dt': '2050-02-01', 'stock_start_dt': '2024-01-01'}, {'crc': '00000021', 'status': 'est', 'stock_level': 1, 'version_nbr': 4, 'stock_end_dt': '2024-01-01', 'stock_start_dt': '2016-12-22'}]"
399,2025-10-08 17:39:01.815118,accl,00000021,00000021,est,2.0,2.0,2100-01-01,2016-12-22,est,00000021,est,308.0,BUMC - LETS,1.0,,F,F,392153,C,2017-03-09T14:53:56-05:00,399,,service25,BUMC - Projection Screen 6ft (portable),F,392154,2,,
311,2025-10-08 17:39:02.131374,accl,00000021,00000022,est,5.0,2.0,2100-01-01,2016-12-22,est,00000021,est,307.0,BUMC - Facilities Mgt.,1.0,,F,F,391921,C,2017-03-09T14:29:31-05:00,311,,service25,BUMC - Rearrange Furniture,F,391922,5,,
312,2025-10-08 17:39:02.454658,accl,00000021,00000022,est,3.0,3.0,2100-01-01,2016-12-22,est,00000021,est,307.0,BUMC - Facilities Mgt.,1.0,,F,F,391923,C,2017-03-09T14:29:47-05:00,312,,service25,BUMC - Rearrange Furniture in POD Style,F,391924,3,,
313,2025-10-08 17:39:02.794727,accl,00000021,00000023,est,2.0,3.0,2100-01-01,2016-12-22,est,00000021,est,307.0,BUMC - Facilities Mgt.,1.0,,F,F,391925,C,2017-03-09T14:30:02-05:00,313,,service25,BUMC - Rearrange Furniture in U Shape,F,391926,2,,
314,2025-10-08 17:39:03.122711,accl,00000021,00000022,est,5.0,2.0,2100-01-01,2016-12-22,est,00000021,est,307.0,BUMC - Facilities Mgt.,1.0,,F,F,391927,C,2017-03-09T14:30:14-05:00,314,,service25,BUMC - Recycle Bin,F,391928,5,,
400,2025-10-08 17:39:03.448641,accl,00000021,00000024,est,2.0,2.0,2100-01-01,2016-12-22,est,00000021,est,308.0,BUMC - LETS,1.0,,F,F,392156,C,2017-03-09T14:54:09-05:00,400,,service25,BUMC - SDM AV Staff,F,392157,2,,
401,2025-10-08 17:39:03.780376,accl,00000021,00000021,est,2.0,2.0,2100-01-01,2016-12-22,est,00000021,est,308.0,BUMC - LETS,1.0,,F,F,392158,C,2017-03-09T14:54:27-05:00,401,,service25,BUMC - SDM IT Staff support,F,392159,2,,
455,2025-10-08 17:39:04.106490,accl,00000021,00000021,est,1.0,3.0,2100-01-01,2016-12-22,est,00000021,est,307.0,BUMC - Facilities Mgt.,1.0,,F,F,436812,C,2017-06-28T08:44:06-04:00,455,,r25admin,BUMC - Set up under 48hrs in advance,F,436813,1,,
375,2025-10-08 17:39:04.460282,accl,00000022,00000021,est,6.0,2.0,2100-01-01,2016-12-22,est,00000021,est,308.0,BUMC - LETS,1.0,,F,F,,C,2025-04-29T11:52:41-04:00,375,,bumcfa04@bu.edu,BUMC - SMK Link Laser Pointer (Green),F,,6,,
376,2025-10-08 17:39:04.784548,accl,00000022,00000021,est,5.0,2.0,2100-01-01,2016-12-22,est,00000021,est,308.0,BUMC - LETS,1.0,,F,F,,C,2025-04-29T11:53:32-04:00,376,,bumcfa04@bu.edu,BUMC - SMK Link Laser Pointer (Red),F,,5,,
394,2025-10-08 17:39:05.111736,accl,00000022,00000021,est,8.0,2.0,2100-01-01,2016-12-22,est,00000021,est,308.0,BUMC - LETS,1.0,,F,F,,C,2025-04-29T11:51:59-04:00,394,,bumcfa04@bu.edu,BUMC - Spotlight Remote,F,,8,,
540,2025-10-08 17:39:05.440084,accl,00000022,00000021,est,1.0,1.0,2100-01-01,2016-12-22,est,00000021,est,308.0,BUMC - LETS,1.0,,F,F,,C,2025-09-25T13:30:57-04:00,540,,bumcfa04@bu.edu,BUMC - Studio- Client Trained,F,,1,,
317,2025-10-08 17:39:05.760281,accl,00000021,00000021,est,24.0,2.0,2100-01-01,2016-12-22,est,00000021,est,307.0,BUMC - Facilities Mgt.,1.0,,F,F,391933,C,2017-03-09T14:31:09-05:00,317,,service25,BUMC - Table Cloth 8ft/6ft Rectangular,F,391934,24,,
318,2025-10-08 17:39:06.088695,accl,00000021,00000022,est,1.0,2.0,2100-01-01,2016-12-22,est,00000021,est,307.0,BUMC - Facilities Mgt.,1.0,,F,F,391935,C,2017-03-09T14:31:21-05:00,318,,service25,BUMC - Table-L Basement,F,391936,1,,
319,2025-10-08 17:39:06.432965,accl,00000021,00000023,est,1.0,2.0,2100-01-01,2016-12-22,est,,,,,,,F,F,391937,C,2017-03-09T14:31:38-05:00,319,,service25,BUMC - Talbot Green Tent SETUP,F,391938,1,"[{'crc': '00000021', 'status': 'est', 'category_id': 321, 'category_name': 'Building - Talbot', 'category_defn_state': 1}, {'crc': '00000021', 'status': 'est', 'category_id': 307, 'category_name': 'BUMC - Facilities Mgt.', 'category_defn_state': 1}]",
403,2025-10-08 17:39:06.756959,accl,00000021,00000021,est,2.0,2.0,2100-01-01,2016-12-22,est,00000021,est,308.0,BUMC - LETS,1.0,,F,F,392163,C,2017-03-09T14:55:01-05:00,403,,service25,BUMC - Tripod (Large),F,392164,2,,
404,2025-10-08 17:39:07.087333,accl,00000021,00000021,est,2.0,2.0,2100-01-01,2016-12-22,est,00000021,est,308.0,BUMC - LETS,1.0,,F,F,392165,C,2017-03-09T14:55:14-05:00,404,,service25,BUMC - Tripod (Small),F,392166,2,,
405,2025-10-08 17:39:07.457520,accl,00000021,00000021,est,1.0,2.0,2100-01-01,2016-12-22,est,00000021,est,308.0,BUMC - LETS,1.0,,F,F,392168,C,2017-03-09T14:55:31-05:00,405,,service25,BUMC - Tripod (XL - Fluid head),F,392169,1,,
407,2025-10-08 17:39:07.784710,accl,00000022,00000021,est,50.0,2.0,2100-01-01,2016-12-22,est,00000021,est,308.0,BUMC - LETS,1.0,,F,F,,C,2022-02-17T13:22:42-05:00,407,,BUMC FA2,BUMC - Turning - Clicker (Ed Media),F,,50,,
406,2025-10-08 17:39:08.114921,accl,00000022,00000021,est,200.0,2.0,2100-01-01,2016-12-22,est,00000021,est,308.0,BUMC - LETS,1.0,,F,F,,C,2022-02-17T13:22:17-05:00,406,,BUMC FA2,BUMC - Turning - Clicker (SPH),F,,200,,
408,2025-10-08 17:39:08.450102,accl,00000022,00000021,est,2.0,2.0,2100-01-01,2016-12-22,est,00000021,est,308.0,BUMC - LETS,1.0,,F,F,,C,2022-02-17T13:22:59-05:00,408,,BUMC FA2,BUMC - Turning - Long Range Receiver,F,,2,,
409,2025-10-08 17:39:08.765903,accl,00000022,00000021,est,8.0,2.0,2100-01-01,2016-12-22,est,00000021,est,308.0,BUMC - LETS,1.0,,F,F,,C,2022-02-17T13:23:16-05:00,409,,BUMC FA2,BUMC - Turning - Receiver (Ed Media),F,,8,,
513,2025-10-08 17:39:09.093075,accl,00000021,00000021,est,1.0,2.0,2100-12-31,2019-02-11,est,00000021,est,308.0,BUMC - LETS,1.0,,F,F,768777,C,2019-02-11T14:56:59-05:00,513,,BUMC FA2,BUMC - USB 360 Webcam (Meeting Owl),F,768778,1,,
413,2025-10-08 17:39:09.436246,accl,00000021,00000021,est,3.0,2.0,2100-01-01,2016-12-22,est,00000021,est,308.0,BUMC - LETS,1.0,,F,F,392226,C,2017-03-09T14:57:38-05:00,413,,service25,BUMC - USB desktop microphone,F,392227,3,,
410,2025-10-08 17:39:09.792728,accl,00000021,00000021,est,3.0,2.0,2100-01-01,2016-12-22,est,00000021,est,308.0,BUMC - LETS,1.0,,F,F,392212,C,2017-03-09T14:56:52-05:00,410,,service25,BUMC - USB Extension Cable,F,392213,3,,
414,2025-10-08 17:39:10.134725,accl,00000021,00000021,est,3.0,2.0,2100-01-01,2016-12-22,est,00000021,est,308.0,BUMC - LETS,1.0,,F,F,392228,C,2017-03-09T14:57:53-05:00,414,,service25,BUMC - USB headset,F,392229,3,,
490,2025-10-08 17:39:10.455214,accl,00000022,,,,,,,est,00000021,est,308.0,BUMC - LETS,1.0,,F,F,515726,C,2017-10-23T15:59:46-04:00,490,,BUMC FA2,BUMC - USB Mic/Speaker (Jabra 810:Large),F,515727,3,,"[{'crc': '00000022', 'status': 'est', 'stock_level': 3, 'version_nbr': 5, 'stock_end_dt': '2100-12-31', 'stock_start_dt': '2019-02-11'}, {'crc': '00000022', 'status': 'est', 'stock_level': 2, 'version_nbr': 4, 'stock_end_dt': '2019-02-11', 'stock_start_dt': '2016-12-22'}]"
411,2025-10-08 17:39:10.783272,accl,00000021,00000022,est,5.0,2.0,2100-01-01,2016-12-22,est,00000021,est,308.0,BUMC - LETS,1.0,,F,F,392222,C,2017-03-09T14:57:07-05:00,411,,service25,BUMC - USB Microphone/Speaker (Jabra),F,392223,5,,
448,2025-10-08 17:39:11.101147,accl,00000021,00000022,est,3.0,2.0,2100-01-01,2016-12-22,est,00000021,est,308.0,BUMC - LETS,1.0,,F,F,393586,C,2017-03-10T11:51:10-05:00,448,,service25,BUMC - USB Webcam,F,393587,3,,
415,2025-10-08 17:39:11.443073,accl,00000021,00000021,est,3.0,2.0,2100-01-01,2016-12-22,est,00000021,est,308.0,BUMC - LETS,1.0,,F,F,392230,C,2017-03-09T14:58:07-05:00,415,,service25,BUMC - VGA DA (1X6),F,392231,3,,
416,2025-10-08 17:39:11.778742,accl,00000021,00000021,est,5.0,2.0,2100-01-01,2016-12-22,est,00000021,est,308.0,BUMC - LETS,1.0,,F,F,392232,C,2017-03-09T14:58:22-05:00,416,,service25,BUMC - VGA Extension,F,392233,5,,
417,2025-10-08 17:39:12.112802,accl,00000021,00000021,est,4.0,2.0,2100-01-01,2016-12-22,est,00000021,est,308.0,BUMC - LETS,1.0,,F,F,392234,C,2017-03-09T14:58:37-05:00,417,,service25,BUMC - VGA Switcher,F,392235,4,,
480,2025-10-08 17:39:12.455660,accl,00000021,00000021,est,1.0,2.0,2100-01-01,2016-12-22,est,00000021,est,308.0,BUMC - LETS,1.0,,F,F,436910,C,2017-06-28T13:47:43-04:00,480,,BUMC FAx,BUMC - Video Streaming - Kaltura,F,436911,1,,
465,2025-10-08 17:39:12.781687,accl,00000021,00000021,est,1.0,2.0,2100-01-01,2016-12-22,est,00000021,est,308.0,BUMC - LETS,1.0,,F,F,436865,C,2017-06-28T12:12:24-04:00,465,,BUMC FAx,BUMC - Video Streaming - LiveStream,F,436866,1,,
418,2025-10-08 17:39:13.105787,accl,00000021,00000021,est,1.0,2.0,2100-01-01,2016-12-22,est,00000021,est,308.0,BUMC - LETS,1.0,,F,F,392236,C,2017-03-09T14:58:51-05:00,418,,service25,BUMC - VTC - tandberg 6000 (IP),F,392237,1,,
419,2025-10-08 17:39:13.434259,accl,00000021,00000021,est,1.0,2.0,2100-01-01,2016-12-22,est,00000021,est,308.0,BUMC - LETS,1.0,,F,F,392238,C,2017-03-09T14:59:06-05:00,419,,service25,BUMC - VTC-Tandberg Edge 95 MXP(ISDN&IP),F,392239,1,,
320,2025-10-08 17:39:13.757045,accl,00000021,00000023,est,1.0,2.0,2100-01-01,2016-12-22,est,00000021,est,307.0,BUMC - Facilities Mgt.,1.0,,F,F,391939,C,2017-03-09T14:32:18-05:00,320,,service25,BUMC - Wheelchair Access Lift - Bakst,F,391940,1,,
443,2025-10-08 17:39:14.068622,accl,00000021,00000021,est,3.0,3.0,2100-01-01,2016-12-22,est,00000021,est,308.0,BUMC - LETS,1.0,,F,F,392288,C,2017-03-09T15:05:26-05:00,443,,service25,BUMC - White Board- Mobile (Rolling),F,392289,3,,
444,2025-10-08 17:39:14.430106,accl,00000021,00000021,est,2.0,2.0,2100-01-01,2016-12-22,est,00000021,est,308.0,BUMC - LETS,1.0,,F,F,392290,C,2017-03-09T15:05:40-05:00,444,,service25,BUMC - Wired - Hand Held Mic,F,392291,2,,
445,2025-10-08 17:39:14.765309,accl,00000022,00000022,est,2.0,3.0,2100-01-01,2016-12-22,est,00000021,est,308.0,BUMC - LETS,1.0,,F,F,392292,C,2017-06-28T12:07:56-04:00,445,,BUMC FAx,BUMC - Wireless Hand Held Mic,F,392293,2,,
446,2025-10-08 17:39:15.078717,accl,00000021,00000021,est,1.0,2.0,2100-01-01,2016-12-22,est,00000021,est,308.0,BUMC - LETS,1.0,,F,F,392294,C,2017-03-09T15:06:15-05:00,446,,service25,BUMC - Wireless LAV Kit,F,392295,1,,
481,2025-10-08 17:39:15.397858,accl,00000021,00000021,est,2.0,3.0,2100-01-01,2016-12-22,est,00000021,est,308.0,BUMC - LETS,1.0,,F,F,436912,C,2017-06-28T13:57:20-04:00,481,,BUMC FAx,BUMC - Wireless Mic - Catchbox,F,436913,2,,
420,2025-10-08 17:39:15.719353,accl,00000022,00000022,est,1.0,2.0,2100-01-01,2016-12-22,est,00000021,est,308.0,BUMC - LETS,1.0,,F,F,392240,C,2017-06-28T14:01:23-04:00,420,,BUMC FAx,BUMC - Wireless Mic Package (Quad Kit),F,392241,1,,
497,2025-10-08 17:39:16.031716,accl,00000022,00000021,est,100.0,3.0,2100-01-01,2016-12-22,est,00000021,est,308.0,BUMC - LETS,1.0,,F,F,,C,2025-04-10T15:25:42-04:00,497,,bumcfa02@bu.edu,BUMC - Zoom - Client's Account,F,,100,,
498,2025-10-08 17:39:16.363530,accl,00000021,00000022,est,1.0,2.0,2100-01-01,2016-12-22,est,00000021,est,308.0,BUMC - LETS,1.0,,F,F,612146,C,2018-04-11T16:24:44-04:00,498,,BUMC FA1,BUMC - Zoom - EdMedia's Account,F,612147,1,,
487,2025-10-08 17:39:16.686758,accl,00000022,00000022,est,5.0,2.0,2100-01-01,2016-12-22,est,00000021,est,308.0,BUMC - LETS,1.0,,F,F,485584,C,2019-08-30T13:03:07-04:00,487,,BUMC FA2,BUMC - Zoom - Remote CART,F,485585,5,,
519,2025-10-08 17:39:17.008494,accl,00000021,00000021,est,1.0,4.0,2100-01-01,2020-07-22,est,00000021,est,308.0,BUMC - LETS,1.0,Labor charged separately,F,F,1033751,C,2020-08-31T13:39:35-04:00,519,,BUMC FAa,BUMC - ZOOM WEBINAR 1000,F,,1,,
538,2025-10-08 17:39:17.331370,accl,00000027,00000021,est,2.0,2.0,2099-08-14,2025-08-13,est,00000021,est,309.0,MED - CSSC,1.0,,F,F,,C,2025-08-14T08:25:43-04:00,538,,bumcfa03@bu.edu,Hospital Sim Tech - BMC Staff,F,,2,,
539,2025-10-08 17:39:17.688165,accl,00000028,00000021,est,2.0,2.0,2099-08-14,2025-08-13,est,00000021,est,309.0,MED - CSSC,1.0,,F,F,,C,2025-08-15T11:07:30-04:00,539,,bumcfa03@bu.edu,Hospital Sim Tech - BU Staff,F,,2,,
